1240,4,same,up,down
286.66,285.23,287.33,283.3,0
287.53,287.53,289.43,286.87,2
287.93,290.15,290.81,285.81,1
292.82,289.25,293.31,288.9,1
294.03,292.82,294.34,291.2998,2
291.18,291.68,292.7,289.52,2
291.81,294.72,294.95,291.8,1
294.02,293.49,294.34,291.92,1
293.87,293.51,294.45,293.41,1
293.41,292.1,293.49,291.2401,2
292.05,292.12,292.78,290.73,2
292.23,292.79,293.16,292.07,1
292.88,290.68,293.14,290.42,1
290.27,289.17,290.435,289.07,2
290.02,290.1,290.32,288.66,2
289.45,291.4,291.425,288.99,2
290.16,290.95,291.01,289.5,2
289.97,290.24,290.35,289.075,1
290.16,290,290.47,288.261,2
288.21,288.83,288.84,287.578,1
288.29,287.77,288.3899,287.31,2
287.31,287.72,288.08,286.7,1
288.79,288.1,288.91,287.37,1
288.57,287.92,288.63,287.6,1
287.18,286.78,287.459,286.01,2
286.42,287.32,287.76,285.75,2
285.97,286.04,286.23,285.09,1
285.83,284.7,286.16,284.4,1
282.48,282.39,282.84,281.14,1
280.71,280.35,281.21,279.07,2
279.65,281.11,281.76,277.93,1
281.12,280.99,282.18,279.56,1
279.04,278.87,280.1853,277.64,2
279.25,283.22,283.8034,279.18,1
284.73,280.64,285.18,280.59,2
281.55,282.16,283.5,280.32,2
282.4,283.51,284.36,281.41,1
282.33,281.55,282.66,281.3,1
281.31,280.54,282.21,280.33,2
281.16,281.37,281.84,280.6662,1
281.34,280.48,282.38,280.3,1
279.49,279.06,280.07,278.85,1
278.44,275.26,278.62,275.23,1
274.46,272.94,274.65,272.42,2
275.01,276.83,276.99,274.07,2
277.33,279.15,279.16,276.97,2
279.02,279.54,279.76,278.41,2
279.4,281.6,281.87,276.84,2
280.42,280.44,280.88,278.82,2
278.68,278.96,279.45,278.32,1
279.2,278.52,279.59,277.48,1
279.32,279.13,280.3,278.9,2
279.52,280.73,281.31,279.43,1
279.14,278.11,279.36,277.4029,2
277.42,277.7,278.1,276.345,1
278.41,277.81,278.92,277.25,1
277.85,276.481,278.58,276.47,1
277.37,276.36,277.41,276.13,1
274.38,273.78,275.64,272.87,2
274.99,275.03,275.93,274.56,1
274.1,272.42,274.52,272.34,2
270.62,271.2,271.49,270.03,1
270.47,268.75,270.58,267.83,2
270.14,270.94,271.55,268.29,2
272.74,272.79,273.34,271.92,1
273.1,272.44,273.44,271.88,1
271.96,270.11,272.03,269.36,2
270.06,270.15,271.2,269.18,1
269.93,267.51,270.47,267.27,1
267.58,265.1,268.52,264.25,2
263.41,263.92,264.55,262.48,1
263.76,263.39,263.83,261.79,1
265.78,265.61,266.7,263.6595,1
263.55,263.21,264.2,262.08,2
263.41,264.01,264.79,260.66,2
262.86,264.82,265.06,261.06,1
266.46,264.98,266.98,262.998,1
262.96,260.01,263.92,259.96,1
260.98,260.83,261.9666,260.6,1
260.35,257.82,260.7,257.81,1
257.4,256.86,258.3,256.41,1
258.98,257.68,259.0098,257.03,1
258.88,256.26,259.16,255.5,1
257.97,257.56,258.91,256.19,2
256.77,256.82,257.31,254,1
254.38,252.69,255.95,251.69,1
252.39,247.59,253.11,247.17,2
244.21,248.23,248.57,243.67,1
250.18,245.98,251.21,245.95,1
249.92,249.56,250.19,247.47,2
247.75,249.58,251.4,246.45,1
248.07,242.57,248.29,238.96,1
246.18,235.97,246.18,233.76,2
234.34,239.04,240.8355,234.27,2
240.7,246.74,249.71,239.98,2
247.17,249.86,251.62,244.65,2
251.26,255.17,259.4,249.35,2
255.08,257.2,257.95,253.28,2
255.36,259.4,260.65,253.525,2
260.47,262.96,264.03,259.85,2
265.37,266.52,267.49,264.12,2
265.46,267.47,269,265.37,2
264.13,267.66,267.87,262.48,1
264.07,263.37,265.1613,258.62,2
263.57,269.46,271.22,262.63,1
269.84,265.92,269.97,262.44,2
270.25,278.37,278.85,269.9,2
279.3,280.28,280.4,277.505,1
275.65,273.81,276.28,273.45,1
273.98,273.71,275.55,272.43,1
274.58,269.6,274.58,268.3272,1
268.4,266.34,268.4,265.66,1
267.5,265.78,267.75,265.34,1
263.25,263.18,264.8234,263.07,2
265.02,265.86,267.15,265.01,2
264.12,265.36,267,263.15,2
269.1,273.05,273.38,268.07,1
273.73,271.79,274.75,271.21,1
273.02,268.78,273.54,267.0102,2
270.2,274.16,274.61,268.45,2
272.06,273.09,275.325,271.25,2
272.57,277.19,277.46,271.99,2
277.76,279.03,279.24,276.18,1
280.5,280.11,281.22,279.22,1
281.01,277.56,281.1,277.08,1
275.12,273.32,275.3,273.25,1
273.39,272.44,274.01,271.35,2
271.89,274.75,275.23,269.59,1
273.51,271.6,273.73,270.38,2
270.63,270.65,273.23,270.12,1
267.77,263.67,268.12,263.12,2
263.86,268.8,270.25,259.85,2
265.33,265.92,271,262.29,1
270.08,267.38,271.81,266.23,2
265.32,273.33,273.76,264.7,1
273.61,270.95,274.87,268.61,2
275.01,277,277.36,274.41,2
276.25,277.13,279.3,275.47,2
276.4,279.4,280.07,274.97,1
280.45,280.44,281.15,277.56,1
280.4,276.6,280.82,276.07,2
274.4,275.55,277.04,274.3,2
275.95,276.77,277.09,272.37,2
272.17,277.08,278.9,270.36,2
278.3,286.83,286.91,277.88,1
287.4,287.39,288.86,286.77,1
287.82,287.05,288.22,285.5,2
287.82,289.69,290.27,286.22,2
289.44,291.18,291.24,287.66,2
291.72,292.74,293.21,291.32,0
291.56,291.56,292.355,291.14,2
291.73,292.11,292.93,290.98,1
290.72,289.99,291.28,289.95,1
290.69,290.41,291.91,290.1,2
289.88,290.91,292.24,289.41,2
290.75,291.53,291.65,290.4833,2
291.02,291.34,291.5,290.37,2
291.99,293.09,293.22,291.81,1
293.58,292.64,293.94,291.2363,1
291.22,290.97,291.69,290.825,1
290.91,289.58,291.58,289.55,2
289.34,290.82,290.86,289.03,2
290.88,291.06,291.27,290,1
290.83,290.32,291.0384,289.995,1
289.12,289.06,289.8,288.23,1
289.05,287.37,289.55,286.975,2
288.1,288.74,289.04,287.88,1
287.6,286.98,288.7,286.71,2
288.16,289.15,289.49,287,2
289.03,289.41,289.64,287.89,2
289.81,289.84,290.21,288.68,1
290.31,289.84,290.81,289.29,2
290.3,290.94,291.36,289.63,1
291.48,290.16,291.74,289.8854,2
289.92,290.3,290.4175,289.4,1
289.78,288.86,289.9,288.68,1
287.51,286.44,287.67,286.38,2
285.79,285.97,286.94,285.43,1
286.17,285.88,286.76,285.575,1
286.34,286.25,287.31,285.7135,1
285.67,285.57,285.97,285.06,1
285.06,283.83,285.5601,283.37,1
284.06,283.4,285.04,283.36,2
281.78,282.38,282.54,280.16,1
283.9,282.92,284.17,282.4833,2
282.1,283.47,284.16,281.77,2
283.16,283.45,284.055,282.36,2
285.07,285.53,285.97,284.915,1
285.46,285.39,285.91,284.94,1
285.58,285.39,286.01,285.24,1
284.64,283.64,284.99,283.2015,1
283.6,282.53,283.6577,282.33,1
282.39,279.39,282.58,279.16,2
280.86,281.56,282.13,280.1315,1
281.33,280.81,282.02,280.38,2
279.95,281.51,281.69,279.36,2
281.42,283.71,283.82,280.38,1
283.34,283.2,284.11,283.09,1
284.01,281.33,284.37,281.28,2
281.61,281.79,282.56,280.63,1
280.2,279.45,280.43,279.06,2
279.68,279.77,280.48,279.5,2
280,280.31,280.74,279.46,1
281.06,280.56,281.18,280.06,1
280.47,278.47,280.91,278.41,2
279.34,279.64,279.803,278.84,1
279.59,279.17,279.93,278.66,1
279.37,278.28,279.43,277.6,2
276.86,277.15,278.04,276.52,1
278.9,278.41,279.01,278.08,1
277.9,276.55,277.96,276.5,1
275.42,273.14,275.84,272.715,1
273.11,272.17,273.18,270.96,2
270.9,272.87,272.98,270.42,1
271.86,269.51,272.04,269.24,2
271.28,272.12,273.66,271.1495,1
270.89,269.29,271.75,268.49,2
269.35,272.26,273.865,269.18,2
271.6,271.64,272.56,270.79,2
271,273.44,273.6162,269.1,2
274.74,275.66,275.785,274.49,2
274.24,275.96,275.98,273.68,2
275.97,276.27,276.72,275.59,1
275.5,274,275.75,273.53,1
276.56,275.49,276.7,274.95,1
277.13,276.6,277.51,275.35,2
278.73,279.01,279.33,278.0599,2
278.03,279.19,279.48,277.8,2
278.92,279.03,279.33,278.19,1
278.56,278.44,279.37,278.31,1
278.19,276.85,278.25,276.66,2
277.37,277.95,278.28,276.34,1
277.4,275.79,277.52,275.09,1
275.1,275.05,275.53,274.18,1
274.9,274.53,275.185,274.26,1
273.6,272.41,273.94,272.33,2
270.94,272.15,272.49,270.255,1
272.61,270.5,273.11,270.42,2
269.02,270.31,271.17,267.76,0
272.15,272.15,272.86,271.58,2
272.8,272.91,273.22,270.78,1
273.36,271.17,273.39,270.99,2
272.61,273.96,274.25,272.24,1
273.37,273.01,273.98,271.3512,2
271.33,271.62,272.03,270.93,1
272.01,271.94,273.23,271.13,1
272.24,271.14,272.76,271.11,2
271.1,271.59,271.61,270.03,2
272.98,273.34,274.08,272.36,1
272.85,272.16,273.15,271.58,1
272.02,270.34,272.39,270.22,1
269.5,267.68,269.865,267.09,1
266.92,266.5,267.325,265.15,1
266.92,266.89,268.02,266.11,1
266.02,261.52,266.7892,261.15,1
262.62,262.26,263.36,259.05,2
263.2,264.76,265.68,262.76,1
264.98,263.87,265.1,262.11,2
264.51,267.26,267.89,264.43,2
266.56,267,267.34,265.5,1
266.31,264.79,267.2452,264.29,1
263.63,262.91,264.13,260.85,2
262.98,267.73,267.9762,261.28,2
266.57,267.26,267.89,265.35,2
266.61,268.81,269.06,265.61,2
268.89,269.65,269.88,267.72,2
270.39,270.69,271.3,269.87,1
270.19,269.33,270.87,268.75,1
267.33,267,268.2,266.07,2
265.15,267.41,267.54,264.01,1
265.93,265.26,267,265.06,1
263.76,263.47,265.64,263.39,1
265.15,264.27,266.04,262.98,2
261,261.37,264.84,259.9356,2
259.72,263.42,265.11,258,1
265.64,265.55,266.64,264.32,1
263.56,256.75,264.355,256.6,1
260.77,258.87,261.31,256.84,2
257.47,262.55,263.13,254.67,1
263.15,261.12,265.26,259.8389,2
259.83,260.75,262.64,258.58,2
260.6,266.17,266.77,258.84,1
265.11,262.13,265.43,259.41,2
258.05,264.17,265.02,257.83,2
263.67,267.91,268.87,263.36,2
270.43,270.9,273.27,270.19,1
270.95,270.94,271.67,270.18,2
270.49,273.35,274.3957,268.62,2
274.2,274.5,275.39,274.14,2
275,275.88,276.61,274.43,2
275.3,277.81,278.02,274.67,2
276.72,279.84,280.41,276.03,2
278.52,279.2,279.91,278.0801,1
278.87,275.7,278.87,275.34,1
274.1,273.55,274.24,272.42,1
272.78,270.42,273.18,270.2,2
272.88,273.3,273.39,271.18,1
272.19,267.73,272.89,267.61,1
269.08,265.8,269.72,264.82,2
267.7,271.41,273.17,266,2
271.65,275.68,276.19,271.29,2
274.43,278.11,278.92,274.36,1
277.9,275.93,278.01,275.26,1
274.71,271.79,274.71,271.25,2
270.4,271.1,273.05,269.64,2
270.05,271.9,274.72,269.94,2
271.4,272.03,273.67,270.5,1
273.11,272.32,275.32,272.27,1
273.03,271.57,273.04,268.77,1
269.59,264.31,270,264.3,1
266,263.97,266.62,263.31,1
265.34,263.83,267.01,261.6644,1
261.5,260.8,263.61,252.92,2
257.63,268.01,268.17,257.59,2
267.67,268.5,272.36,267.58,1
269.13,259.94,269.7,258.7,2
263.93,273.45,275.85,263.31,2
275.45,280.08,280.23,275.41,1
281.58,281.07,283.06,280.68,2
281.9,282.73,283.3,280.68,2
281.76,282.6,284.736,281.22,2
284.68,285.93,286.43,284.5,1
286.58,284.25,286.6285,283.96,2
283.3,284.16,284.27,282.405,2
283.18,284.02,284.7,281.84,1
283.29,282.74,283.62,282.37,1
282.69,280.17,282.69,280.11,1
280.41,279.8,280.41,279.14,2
279.14,279.48,279.96,278.58,1
279.61,278.03,280.05,276.97,2
276.97,279.35,280.09,276.18,1
277.92,276.42,278.11,276.0819,1
276.12,274.75,276.12,274.56,1
274.12,273.68,274.42,272.92,1
274.54,274.4,275.25,274.081,1
273.92,273.31,274.1,272.98,1
273.42,272.51,273.56,271.95,1
271.61,271.2,272.16,270.5447,1
270.47,268.96,270.64,268.96,1
268.77,267.84,268.81,267.4,2
266.86,268.53,268.55,266.64,2
267.87,267.89,267.92,267.45,2
267.32,267.38,267.73,267.01,1
267.19,267.05,267.4377,266.885,2
267.51,267.6,267.635,266.9,2
267.58,267.74,268.385,267.3,2
267.03,268.27,268.33,266.69,2
267.17,268.48,268.53,267.09,1
268.2,268.1,268.6,267.98,1
266.51,265.45,267.04,265.39,2
265.66,267.09,267.22,265.6,2
266.75,267.06,267.56,266.65,1
266.78,266.57,267.32,266.345,1
266.31,265.58,266.38,265.4793,1
265.51,264.99,265.52,264.0315,1
264.07,263.09,264.43,262.94,1
263.24,262.87,263.73,262.71,2
263.19,264.43,265.15,263.04,2
264.14,266.31,266.8,264.08,2
264.46,264.76,265.31,260.76,1
265.01,263.76,266.05,263.67,2
262.71,263.02,263.63,262.2,1
262.87,260.76,262.9,260.655,2
260.23,260.41,260.75,260,1
260.36,260.32,260.48,260.16,2
259.76,260,260.15,259.57,1
259.99,259.18,260.2,258.2627,1
258.3,258.14,258.525,257.86,2
257.86,258.22,258.5882,257.77,1
258.62,257.52,259.04,257.4748,2
256.44,256.62,257.22,255.63,1
257.73,257.41,257.85,256.52,1
258.33,257.31,258.59,257.27,1
258.09,257.73,258.2926,257.37,1
258.17,257.73,258.39,256.36,1
259.11,258.47,259.22,258.15,2
258.67,258.97,259.35,258.09,1
258.85,258.3,259,258.22,1
258.45,257.77,258.5,257.3,1
257.59,257.41,257.75,256.19,2
257.49,258.04,258.43,257.07,2
257.15,257.18,257.44,256.805,2
256.75,257.07,257.6,256.41,1
257.71,256.47,257.89,255.6254,2
255.62,255.99,256.3,255.48,2
255.29,256.18,256.31,254,2
256.56,256.6,256.83,256.15,2
256.11,257.48,257.51,256.02,1
257.11,256.7,257.14,255.7744,1
255.79,254.83,255.83,254.35,2
255.72,255.9,255.95,255.5,1
255.47,255.23,255.52,254.98,1
255.29,255.21,255.51,254.82,2
254.95,255.14,255.27,254.64,2
254.64,254.66,255.06,254.365,1
255.02,254.51,255.02,254.32,1
254.62,254.6,255.05,253.98,2
253.95,254.63,254.7,253.65,1
254.37,254.15,254.7008,253.85,1
254.66,253.54,254.68,253.196,1
253.16,252.69,253.44,252.56,1
252.86,252.46,252.89,252.23,1
252.32,251.49,252.32,251.2926,1
251.23,250.34,251.32,250.13,1
250.35,249.73,250.44,249.63,1
250.05,249.88,250.49,248.87,2
249.08,249.42,249.7,248.805,2
248.93,249.15,249.5532,248.08,1
249.44,249.05,249.63,249.02,2
249.39,249.88,249.98,249.185,2
250.06,250.07,250.19,248.92,2
249.97,250,250.07,249.6,1
249.72,249.61,250.12,249.28,1
249.19,248.69,249.29,248.57,1
250.09,249.8,250.32,249.6,1
250.17,249.72,250.21,249.59,1
250.05,249.63,250.09,249.42,1
249.21,248.04,249.3,248.02,1
246.58,246.54,247.11,246.3,2
246.87,247.25,247.27,246.4,1
246.9,246.84,247.28,246.23,2
246.06,247.26,247.52,244.95,2
247.84,247.92,248.33,247.67,1
247.49,246.72,247.77,246.0473,1
246.01,244.83,246.32,244.62,1
244.85,243.06,245.15,242.93,2
244.57,245.17,245.2,244.09,2
244.56,244.9,245.61,244.39,2
243.99,245,245.18,243.75,1
244.56,244.33,245.05,244.16,1
245.44,243.57,245.62,243.55,1
242.9,242.64,243.2,241.83,2
242.71,242.9,244.189,242.2,2
243.09,246.24,246.6,243.09,2
246.94,247.11,247.57,246.45,2
246.51,246.98,247,246.16,1
246.54,245.59,246.79,245.55,1
244.12,244.02,244.8,243.75,2
243.76,246.29,246.44,243.7,1
247.25,246.47,247.31,246.06,2
247.26,247.51,248.91,246.83,1
247.87,247.49,247.87,247.37,2
247.41,247.52,247.79,246.97,2
246.96,247.31,247.34,246.64,2
247.44,247.47,247.6,246.37,2
247.32,247.46,247.5,246.716,2
246.77,247.37,247.48,246.53,1
246.91,246.65,247.06,246.13,2
247.2,247.96,248,245.68,2
247.43,247.75,247.79,247.13,2
247.42,247.68,247.8,247.16,1
246.82,246.79,246.98,246.28,1
246.88,246.44,246.91,246.18,2
247.1,247.28,247.42,246.47,1
246.99,246.02,247,246.01,1
245.66,245.06,245.72,244.67,1
245.53,245.47,245.91,245.33,1
245.56,244.43,245.97,244.31,1
244.42,244.02,244.55,243.76,1
244.01,243.3,244.2,243.3,1
242.19,242.16,242.55,240.85,1
242.37,241.95,242.8,241.76,1
242.11,241.21,242.28,240.5645,2
240.55,241.89,242.03,240.34,1
242.77,242.63,243.01,241.7,2
242.21,242.88,243.38,242.21,2
241.8,242.28,242.71,241.575,2
241.35,243.66,243.72,239.955,1
243.49,242.5,243.715,242.23,2
241.33,243.04,243.38,241.31,2
243.29,243.9,244.38,243.045,1
243.13,242.91,243.51,242.47,2
242.84,242.96,243.53,242.64,2
242.95,243.42,243.59,242.41,2
243.01,244.25,244.26,242.99,1
244.66,243.59,244.73,243.48,2
242.64,242.77,242.83,241.6337,1
243.77,242.68,243.91,242.36,2
244.24,244.86,244.87,243.29,1
244.55,243.98,244.61,243.5799,1
243.36,243.13,243.42,242.38,2
243.41,244.09,245.01,241.95,1
243.78,243.77,244.33,243.17,1
243.66,243.6,243.92,242.83,2
243.21,243.34,243.98,243.12,1
243.99,243.97,244.3,243.76,1
244.17,243.42,244.35,243.08,1
243.36,241.97,243.38,241.64,2
241.44,241.84,241.88,240.64,1
241.5,241.34,241.79,241.16,1
241.71,241.54,241.9,241.45,1
241.76,241.2,242.08,240.96,1
240.61,240.32,240.73,239.93,1
240.05,239.95,240.24,239.51,1
239.52,238.9,239.71,238.82,1
238.31,237.33,239.08,237.27,1
236.77,235.73,237.75,235.43,2
235.82,238.1,238.64,235.75,2
240.08,240.64,240.67,239.63,1
240.3,239.47,240.44,239.45,2
238.98,239.09,239.4273,238.67,1
239.38,239.35,239.57,238.13,1
239.87,239.39,239.87,239.15,2
239.44,239.96,240.19,239.04,2
239.66,239.75,239.92,239.17,1
239.7,239.19,239.72,238.68,2
238.76,238.83,238.9225,237.78,1
238.48,238.29,238.8775,237.7,2
238.77,238.84,238.98,238.3,0
238.68,238.68,239.17,238.195,2
238.08,238.9,238.93,237.93,2
238.6,238.77,238.95,237.98,2
238.4,238.51,239.53,238.35,1
238.55,237.91,238.95,237.81,2
237.17,237.18,237.41,234.5628,2
234.59,235.25,235.31,234.13,1
235.34,234.15,235.845,233.78,2
233.44,234.52,234.95,233.18,1
233.87,233.72,234.49,233.08,1
234.57,233.11,234.57,232.88,2
232.51,233.64,234.49,232.51,2
234.03,234.74,234.96,233.77,1
235.06,234.9,235.18,233.34,2
235.34,235.36,236.255,234.73,1
235.2,235.15,236,234.64,1
235.44,234.94,236.04,234.425,2
234.78,236.26,237.39,234.54,1
235.48,235,235.58,234.555,2
235.33,235.8,236.03,233.91,2
235.74,235.9,236.51,235.68,1
236.29,235.47,236.52,235.27,1
235.54,234.99,235.81,234.725,1
235.32,233.27,235.81,233.14,1
233.62,231.93,233.92,231.61,2
233.86,234.38,235.04,232.96,1
234.03,234,235.34,233.6,1
234.28,233.77,234.61,233.05,2
233.73,237.47,237.61,233.58,2
236.77,237.03,237.36,236.32,2
237.03,237.75,237.97,237.03,2
238.48,239.11,239.2,238.1,1
238.95,237.56,239.44,237.29,2
236.9,237.18,237.24,236.19,1
237.81,237.62,237.86,237.24,2
237.69,237.97,238.02,236.59,1
236.86,236.7,237.24,235.74,2
236.56,237.34,237.64,236.4,2
237,237.36,237.77,236.76,1
237.71,237.5,238.12,237.01,1
238.42,238.17,238.61,237.73,2
238.27,239.56,239.57,238.21,1
239.78,238.39,240.32,238.37,2
236.47,236.67,236.95,236.015,1
237.11,236.64,237.31,236.35,1
236.74,235.46,236.7932,235.41,2
236.44,236.88,236.9,235.56,1
236.28,236.02,236.54,235.83,1
236.49,235.52,236.69,235.51,1
235.09,233.95,235.09,233.93,2
234.72,234.96,235.155,233.85,1
234.92,233.45,235.14,233.39,1
233.7,232.56,233.71,232.16,1
232.77,232.08,233.07,232.05,1
231.51,231,231.77,230.6216,1
230.6,229.56,230.95,229.52,1
229.24,228.61,229.39,228.31,2
228.94,229.38,229.6556,228.72,1
228.93,228.87,229.326,228.54,1
229.34,228.82,229.55,228.46,1
227.77,227.2,228.1,226.82,2
227.62,228.255,228.59,226.94,1
227.53,226.98,227.6,226.32,2
227.55,228.17,228.2,226.41,2
228.97,229.42,229.59,228.76,2
229.33,229.4,229.71,229.01,1
229.57,228.7,229.57,228.51,1
227.6,226.4,228.08,226.27,2
226.15,226.35,226.805,225.27,1
226.74,226.7,227.31,225.9719,2
225.91,226.84,227,225.41,1
226.75,226.535,226.8,225.9,2
226.25,226.31,226.78,225.8,1
227.05,226.73,227.4,226.69,1
226.53,226.5,226.75,224.955,1
227.1,226.36,227.1,225.59,2
226.46,226.48,227.45,226.01,2
226.46,226.91,227.0701,226.4163,1
227.21,226.53,227.75,225.9,1
226.4,226.27,226.58,225.48,1
226.58,225.62,226.75,225.61,1
225.24,225.04,225.83,223.8837,2
223.53,224.73,224.83,222.73,2
224.35,224.48,224.89,223.84,2
224.4,226.57,226.59,224.27,1
226.27,226.02,226.73,226,1
225.71,225.43,225.72,225.21,2
225.38,225.6,225.74,224.92,2
225.77,226.25,226.45,225.77,1
226.4,226.15,226.57,225.88,1
225.53,225.25,226.02,225.08,2
225.04,226.01,226.08,224.67,1
226.81,226.16,227.81,225.8904,2
225.88,227.41,228.23,225.365,1
227.76,227.02,228.34,227,2
226.25,226.4,226.96,225.76,1
226.51,225.41,226.53,225.37,1
225.15,224.57,225.7,224.26,1
224.6,221.52,224.67,221.38,1
221.7,221.22,221.7441,220.662,1
221,220.65,221.4,220.42,1
219.68,219.67,220.25,219.26,2
219.57,220.73,220.73,219.15,2
220.38,221.63,221.82,220.31,1
220.91,220.52,221.44,220.17,2
220.48,221.16,221.48,220.36,1
221.52,221.1,221.56,221.01,1
220.7,219.98,220.76,219.75,1
220.58,220.51,220.79,219.73,1
220.15,219.17,220.18,219,2
218.5,219.07,219.27,218.29,1
218.99,218.05,219.06,217.92,1
217.87,217.56,218.14,217.42,1
218.28,217.04,218.28,216.8,2
216.59,217.03,217.27,215.72,1
216.42,216.08,216.7,215.32,2
216.92,217.3,218.31,215.22,1
216.3792,212.37,217.1,212.34,1
214.11,212.69,214.77,212.38,1
213.15,211.45,213.19,211.3,2
208.55,208.91,209.89,208.38,2
208.78,209.99,210.24,208.46,2
209.74,210.65,211.1,209.23,2
211.01,212.93,212.99,209.6,2
212.55,212.93,213.19,212.36,2
212.54,213.14,213.93,211.71,2
213.17,214.58,214.62,213.08,1
213.74,213.21,214.42,212.93,2
214.17,214.68,214.98,213.98,2
214.89,215,215.32,214.48,1
213.98,212.96,214.08,212.76,1
213.88,213.87,214.53,213.11,1
214.28,214.02,214.64,213.6,2
213.71,214.24,214.31,213.27,2
212.38,213.09,213.39,212.17,2
213.12,214.15,214.69,213.03,1
213.01,212.16,213.59,211.21,1
213.71,213.59,214.32,213.01,2
213.43,215.66,215.74,212.58,1
216.16,216.155,216.7,215.985,2
215.04,216.1,216.3,214.19,1
215.78,215.37,216.04,214.735,1
215.63,215.41,216.13,215.33,2
214.68,215.91,216.17,213.99,2
215.78,215.82,216.04,215.04,1
216.3,215.65,217.12,215.36,2
214.68,216.4,216.87,214.04,1
216.64,215.83,216.82,214.71,1
215.57,214.05,215.68,213.62,2
214.24,215.02,215.23,214.01,2
215.99,216.72,216.88,215.88,1
217.18,217,217.53,216.71,1
215.82,214.24,216.03,213.44,2
213.42,214.41,214.59,213.38,2
213.41,214.13,214.88,213.03,2
213.37,213.48,213.69,212.57,1
215.28,212.96,215.73,212.75,2
213.15,213.29,214.7,212.5,2
213.23,214.84,215.1499,212.5,1
216.34,212.39,216.81,212.31,2
213.28,216.97,217.03,213.25,2
218.51,218.62,218.94,218.15,1
219.01,218.84,219.22,218.3,1
219.0308,218.7,219.12,217.86,2
218.37,218.39,218.87,217.7,1
217.39,217.37,217.73,216.03,2
217.38,217.61,217.75,216.465,2
218,218.26,218.59,217.35,1
218.3608,217.44,218.665,217.4,2
217.29,217.92,219.12,216.25,1
217.7,217.4,218.19,217.22,2
217.85,218.8,218.91,217.36,2
218.97,219.25,219.6,218.9,1
218.53,218.26,218.8,217.83,1
218.54,218.31,218.75,217.74,1
218.86,218.34,218.9,218.21,1
218.37,218,218.53,217.02,2
217.96,218.6,218.68,217.96,1
219.09,218.89,219.5,218.88,1
218.46,218.29,218.71,217.99,1
218.65,218.26,218.94,217.95,2
217.64,218.31,218.4038,217.23,1
218.18,218.13,218.76,217.8,2
218.05,218.4,218.52,217.74,1
218.18,217.21,218.23,217.07,1
216.4097,216.31,216.78,214.25,1
216.18,215.48,216.245,215.13,2
215.5492,216.65,216.83,214.57,2
216.94,217.19,217.65,216.405,1
217.12,216.46,217.54,216.13,1
216.77,216.29,217.11,215.75,2
216.52,217.19,217.27,215.62,1
216.75,216.53,217.17,215.76,2
216.65,217,217.06,215.97,1
217.24,216.41,217.3,216.1,2
216.265,216.96,217.22,215.75,1
217.085,216.75,217.37,216.24,1
216.19,215.92,216.23,215.63,1
216.4092,215.97,216.6,215.67,2
215.83,216.78,217.0125,215.308,2
216.12,216.4,216.67,215.66,2
214.92,215.44,215.45,214.35,1
214.95,214.53,215.3,213.4308,1
213.4,213.19,214.07,212.95,1
212.65,211.05,212.94,210.7785,2
209.526,209.87,210.6495,208.63,1
209.66,207.83,209.8,207.06,2
208.41,208.95,209.08,207.71,1
209.9208,209.36,210.49,209.29,1
209.475,207.21,209.54,206.56,1
206.66,204.84,206.93,204.72,1
203.1997,201.48,203.23,201.12,2
199.6,201.59,201.6,198.65,2
203.13,203.63,210.8463,202.72,1
210.81,209.81,210.87,209.27,2
208.1,208.65,209.5,207.93,1
208.44,208.3,208.92,207.78,2
207.85,208.82,209.61,207.75,2
206.52,207.17,207.2,205.75,1
208.37,206.73,208.57,205.59,2
207.75,208.54,209.36,207.53,1
208.04,208,208.74,206.9199,2
208.4492,209.36,210.37,208.35,2
210.07,210.46,210.86,209.43,1
212.08,211.51,212.22,211.19,1
212.37,211.84,212.52,211.6899,1
211.68,211.525,212.34,211.5,1
211.35,210.7,211.77,210.51,1
210.28,210.25,210.69,208.86,1
210.91,209.8,210.93,209.2399,1
210.27,209.12,210.48,208.89,2
209.84,210.56,210.69,209.18,1
210.24,209.53,210.25,209.47,2
209.34,209.44,209.71,208.97,1
209.28,208.67,209.77,207.8691,1
207.87,206.17,208.24,206.14,2
205.21,205.51,205.84,204.985,1
205.49,204.92,206.1,204.86,1
204.2,204.06,204.54,202.78,1
204.91,204.44,206.3,203.63,2
204.8508,206.46,206.8,204.23,1
206.78,204.96,207.34,204.89,2
204.76,206.21,206.86,204.38,2
206.56,207.29,207.4899,205.37,2
206.5,207.91,208.54,206.5,1
208.45,206.72,208.5,206.64,1
205.8892,205.57,206.4,205.36,1
205.72,204.06,205.77,203.88,2
204.97,205.56,205.98,204.47,1
205.01,204.99,205.85,204.42,2
206.1592,206.52,206.8,205.28,1
207.97,206.92,208.18,206.41,2
206.3308,206.72,207.13,205.03,2
207.4475,208.46,209.76,206.96,1
209.35,208.47,209.81,208.05,2
208.9192,209.04,209.52,208.36,1
208.61,208.26,208.66,207.54,1
208.97,208.55,209.29,207.91,2
208.97,210.12,210.25,208.65,1
210.1,209.95,210.92,209.39,1
209.9,209.74,210.2,208.94,1
209.2392,207.14,209.28,207,2
207.78,208.01,208.1721,207.4,2
208.01,208.07,208.6,207.6,1
208.0008,207,208.1,206.84,1
205.92,204.22,206.25,203.7,2
204.0201,205.25,206.07,203.91,2
204.4992,205.34,205.85,203.87,2
203.95,205.14,205.56,203.09,1
206.42,204.29,206.49,203.98,2
204.1892,204.67,206.2642,203.89,2
206.25,206.83,207.07,205.89,1
206.92,204.35,207.14,203.98,2
205.52,205.91,206.41,205.33,2
206.02,206.3,206.87,205.59,1
205.1208,202.76,205.25,202.4,2
203.24,203.61,203.86,202.705,1
203.12,202,203.16,201.74,2
203.2092,204.11,204.33,203.01,1
204.56,203.76,205.23,203.57,1
204.67,204.07,204.94,203.8,1
204.38,204.17,204.78,203.8,1
204.63,203.24,205.23,202.77,1
203.34,201.6,203.82,201.55,1
202.17,201.36,202.5307,201.05,1
202.5,202.16,203.04,201.77,1
202.76,201.26,202.81,199.5179,2
199.54,199.96,201.07,197.38,1
199.38,199.36,199.79,198.43,2
198.4,199.32,199.92,198.21,1
200.59,199.34,201.07,199.25,1
200.43,200.01,201.35,199.03,1
199.775,198.79,199.795,198.11,1
199,197.74,199.06,197.25,1
198.11,195.01,198.21,194.4542,2
193.56,195.11,196.23,193.33,2
195.0892,196.57,196.68,194.9,1
195.54,193.73,195.55,192.83,1
193.2,190.63,193.53,189.32,2
192.32,194,194.32,192.18,1
194.78,193.87,194.95,193.79,1
192,191.17,192.18,190.45,2
192.09,193.2,193.27,191.72,1
192.88,191.16,193.32,191.01,1
189.78,188.77,189.81,187.63,1
186.63,184.96,186.65,183.96,1
182.86,182.34,184.1,181.09,2
185.27,186.41,188.34,185.12,1
185.43,183.36,186.94,183.2,2
185.42,185.77,186.12,182.8,2
187.95,190.99,191.6696,187.2,1
191.6,190.71,192.75,189.96,2
191.3,191.41,191.78,187.1,2
190.16,191.96,191.97,189.54,1
193.65,192.53,194.58,191.84,1
193.7208,190.02,193.88,189.88,2
189.11,189.96,190.2,187.16,2
188.13,189.58,191.56,187.06,1
190.2,188.42,190.53,188.02,2
187.64,189.92,190.15,187.41,1
190.52,189.78,190.76,188.88,1
186.69,186.21,188.87,184.64,1
185.65,185.03,187.495,181.02,2
188.06,189.96,190.11,186.2,1
187.81,186.77,188.76,185.52,1
191.93,189.55,193.26,187.66,2
188.83,194.45,194.86,188.38,2
193.6608,193.82,194.55,191.14,2
192.11,193.01,193.41,189.82,2
191.923,195.19,195.85,191.58,2
194.05,195.33,197.44,193.59,1
198.82,198.34,200.06,197.6,2
201.36,201.4,201.9,200.05,1
201.0192,200.49,201.03,198.59,2
203.87,205.13,205.89,203.87,2
205.93,207.11,207.21,205.76,1
207.4,206.51,207.79,206.47,1
205.21,204.86,205.26,203.94,2
205.68,205.72,206.33,205.42,1
206.02,204.69,206.07,204.58,1
203.5,202.715,203.85,201.55,1
201.67,201.41,201.88,200.09,2
200.0208,202.77,202.93,199.83,2
204.86,208.4,208.48,204.84,1
208.03,206.365,208.39,204.8,1
205.0308,204.7,206.11,202.8666,1
202.9008,202.07,203.05,199.95,2
201.88,203.35,204.14,201.51,1
205.87,205.42,207.43,205.14,2
205.34,206.19,208.68,204.18,1
206.949,206.49,208.289,205.78,2
208.35,209.23,209.7295,207.2,1
209.62,206.08,209.97,205.93,2
205.61,208.83,209.15,204.7511,2
208.529,210.615,211,208.23,1
210.68,209.44,210.82,209.11,2
208.69,209.75,209.89,208.56,1
209.56,209.43,209.8,208.86,2
209.32,209.5,209.74,209.01,1
209.35,207.87,209.83,207.41,2
209.07,209.38,209.98,208.52,2
209.3108,209.45,210.12,208.86,2
208.55,208.59,209.05,208.2,1
208.73,206.04,208.9,205.99,2
205.47,205.99,207.04,204.88,1
205.62,202.32,205.69,202.18,2
202.54,204.35,204.67,202.435,2
204.84,206.5,207.06,204.82,2
207.74,208.88,208.94,207.66,1
208.56,207.51,208.6,207.19,2
208.08,209.31,209.49,206.95,1
210.04,209.74,210.32,208.46,2
210.15,210.43,210.98,209.09,2
210.36,211.35,211.5,209.7201,1
211,209.97,211.66,209.7,1
210.39,208.32,210.62,208.17,2
207.93,209.06,209.44,207.74,1
208.83,208.35,209.27,208.21,1
208.95,207,208.98,206.21,1
206.6,206.2,207,205.79,2
207,207.3,207.37,206.56,1
207.51,207.25,207.95,206.3,1
205.26,202.98,205.51,201.85,2
201.85,203.61,203.79,201.65,1
203.09,202.85,203.84,202.5471,1
203.37,202.5,203.37,202.13,1
203.27,202.83,203.29,201.92,1
202.35,200.08,202.36,199.64,2
199.29,200.18,200.87,198.94,2
200.25,200.65,202.16,200.05,1
201.52,201.42,201.76,200.91,2
201.33,201.38,201.9,200.58,1
201.21,198.95,201.55,198.59,1
199.41,198.9,199.825,197.48,2
197.79,198.31,198.98,197,1
198.47,196.46,198.74,196.33,1
195,189.77,195.03,189.12,1
192.13,192.08,192.49,189.82,1
191.63,190.37,191.825,189.44,2
188.12,188.27,189.74,186.93,2
188.01,191.78,191.91,187.64,2
192.85,194.64,195,191.81,1
192.9,192.15,193.45,190.56,2
193.6,194.11,194.67,192.91,1
193.91,193.88,194.46,192.56,1
196.46,196.44,197.68,195.21,2
195.45,195.71,198.6844,194.96,2
199.73,200.02,202.89,199.28,1
200.18,198.82,200.41,198.41,1
198.46,196.61,198.99,195.9612,2
196.01,196.95,197.01,195.43,1
196.74,195.375,196.82,194.53,1
195.85,194.56,197.22,194.25,2
194.79,199.32,199.47,194.35,1
197.43,195.94,197.61,195.17,2
192.59,192.85,193.86,191.61,2
195.55,196.26,198.05,194.96,1
195.41,194.62,195.46,192.42,2
191.77,193.12,194.77,190.73,2
197.67,198.11,199.125,197.01,1
199.28,198.5,199.835,197.92,1
199.27,197.02,199.42,195.21,1
194.46,192.08,194.79,188.37,2
187.27,195.43,195.45,186.92,1
189.5,187.49,197.4772,182.4,2
197.63,201.73,203.9404,197.52,2
203.97,206.51,208.2865,203.9,2
208.32,209.09,210.01,207.35,2
209.98,210.26,210.68,209.699,1
210.59,208.71,210.59,208.16,1
209.42,208.43,209.5087,208.26,2
208.66,208.73,209.55,208.01,1
208.92,207.11,209.14,205.36,2
208.67,208.97,209.47,207.76,1
210.57,209.28,210.67,209.28,2
207.95,208.16,208.34,206.87,2
208.35,210.29,210.415,207.65,2
210.07,210.45,211.31,209.73,2
209.38,209.7,210.2483,208.8,2
209.79,210.46,210.53,208.65,2
210.5,211.42,211.45,210.16,1
210.82,210.16,211.02,209.42,1
210.77,209.48,211.04,209.31,1
209.33,207.79,209.5,206.8,2
206.79,206.94,207.55,206.26,2
208,210.3,210.37,207.6,2
210.18,211.53,211.65,209.75,1
211.37,210.93,211.77,210.89,2
211.75,212.43,212.74,211.39,2
212.59,212.75,213.18,212.21,1
212.48,212.29,212.55,211.8,1
212.3,211.87,212.3,211.58,2
210.61,210.73,211.28,210.04,1
210.68,209.72,211.05,209.65,1
209.77,208.99,209.9,208.94,1
207.48,207.29,207.98,204.9517,2
204.9,207.04,207.35,204.77,2
204.53,206.45,206.7645,204.25,1
208.02,206.96,208.17,204.11,1
206.72,205.77,207.65,205.53,2
207.31,208.07,208.27,206.81,2
207.5,207.73,208.03,206.56,2
205.85,207.26,207.32,205.28,2
205.42,208.045,209.828,205.33,2
209.82,210.29,210.58,209.16,2
209.86,211.1,211.25,209.77,2
210.5,211.72,212.17,210.47,2
212.04,212.14,212.44,211.57,2
211.89,211.905,212.59,211.64,2
210.81,211.46,211.55,210.36,1
212.78,211.31,213.34,210.6315,0
210.59,210.59,211.32,209.36,1
210.25,208.93,210.35,208.72,1
209.11,208.64,209.45,207.79,2
210.01,210.64,211.482,209.68,1
211.63,211.48,212.09,211.2,1
210.95,209.37,211.41,209.2987,0
208.45,208.45,209.1,207.69,2
208.48,209.64,209.82,208.39,2
209.77,209.95,210.58,208.98,2
210.1292,211.07,211.859,209.75,2
211.92,212,212.67,211.3301,1
211.36,211.02,212.19,210.27,2
211.57,211.94,212.34,210.62,2
211.14,212.38,212.43,210.82,1
212.46,212.33,212.59,211.63,1
212.7,211.25,212.98,210.7612,2
210.7,212.4,212.9089,210.2,2
212.99,213.04,213.54,212.91,1
213.5,212.71,213.75,212.51,2
212.88,213.15,213.78,212.504,2
213.03,213.24,213.57,212.69,1
213.1,212.24,213.4,212.16,0
212.44,212.44,212.61,211.86,1
212.21,211.24,212.32,210.91,2
210.02,210.47,211.22,209.74,1
209.98,209.61,210.63,208.62,2
210.605,211.57,211.89,210.52,1
211.62,210.88,211.86,210.78,1
208.87,207.92,209.38,207.52,2
208.04,209.56,209.93,206.76,2
208.9,211.03,211.46,208.73,1
211.32,211.23,212.02,211.1,1
210.72,209.4,210.77,209.28,2
208.46,209.88,210.35,207.62,1
210.57,210.37,211.29,209.6,1
211.44,210.74,211.5,209.3301,2
210.77,212.33,212.48,210.54,2
211.6499,211.66,211.97,211.11,1
211.16,210.15,211.94,210.01,1
210.63,210.01,210.85,208.9,2
209.6,210.67,210.86,209.24,1
209.85,209.06,210.25,208.96,2
207.95,208.94,209.23,207.01,1
210.37,210.03,210.98,209.7928,1
210.43,210.05,211.04,209.95,1
209.49,208.85,209.71,208.1,2
209.09,209.87,210.63,209.03,1
210.04,209.2,210.09,208.96,1
208.9,207.78,209.18,207.19,1
207.975,207.55,208.51,207.08,2
207.28,207.855,208.76,207.24,1
207.83,205.37,208.45,205.21,1
206.435,205.62,206.98,205.4,2
205.7,206.39,206.42,204.51,2
206.43,207.26,208.1,206.36,1
208.25,206.98,208.61,206.96,1
205.74,205.13,205.95,204.9,1
205.27,204.96,206.37,204.12,2
205.76,209.07,209.35,205.71,2
208.82,209.85,210.4,208.74,2
210,210.42,211.11,210,1
210.41,209.71,211.02,209.4903,2
209.5,209.96,210.4697,209.03,1
210.46,207.39,211.27,206.62,1
207.96,207.69,208.42,206.98,1
208.58,206.71,208.69,205.8641,2
205.8272,206.77,207.9338,204.58,1
207.1,205.26,207.175,205.2,2
204.5,205.29,205.5,204.4,2
204.98,206.71,206.81,204.93,1
208.36,207.74,208.79,207.5459,2
207.5,209.42,209.94,207.1,2
210.46,210.62,210.8,209.85,2
210.2301,210.4,210.49,209.06,2
211.12,211.47,212.054,210.08,1
211.99,210.78,212.06,210.72,2
210.66,211.26,211.58,210.6,2
211.38,211.52,211.71,210.65,2
211.63,211.66,212.24,211.22,1
211.81,211.12,212.05,210.76,1
211.209,210.94,211.21,210.48,1
211.239,209.48,211.33,208.73,1
209.98,209.41,210.42,209.24,1
210.13,209.66,210.22,209.3401,1
210.11,209.4,210.32,209.1,1
209.78,209.07,209.84,208.76,1
208.92,207.89,208.99,206.9727,1
206.93,206.61,207.45,205.83,1
206.81,205.88,207.12,204.6801,2
204.63,204.77,205.64,204.135,2
205.55,206.56,207.24,204.92,1
206.12,204.86,206.3,204.77,1
204.06,203.92,205.38,203.51,1
204.84,203,204.85,202.55,1
201.92,200.05,202.03,197.86,2
199.45,200.57,202.17,199.13,1
201.9902,200.38,202.3,198.68,2
200.14,204.17,204.29,199.91,2
202.74,202.97,204.12,201.74,1
205.45,204.71,205.56,203.85,2
204.97,205.79,206.1,204.81,1
206.1,203.99,206.26,202.33,1
203.08,201.5,203.66,200.94,2
202.055,202.4,202.72,200.17,1
201.63,198.77,201.82,198.55,2
199.0199,201.63,202.01,198.88,1
200.86,199.65,201.1,198.57,2
202.08,204.12,205.48,200.51,2
202.65,204.41,204.6,201.92,2
204.25,206.4,206.42,203.51,1
205.9,204.01,206.16,203.99,1
202.31,201.42,202.72,200.88,2
199.82,202.09,202.72,198.855,2
201.72,204.17,204.37,201.35,2
205.43,206.38,206.88,204.18,2
205.54,207.99,208.19,205.39,2
207.6,208.21,208.37,207.51,1
208.72,208.22,208.97,208.14,1
208.44,208.31,208.85,208.25,2
207.77,208.02,208.34,207.72,2
207.75,208.17,208.23,207.3991,1
207.47,206.75,207.47,206.46,1
206.52,206.43,207.33,205.6109,1
206.78,204.74,212.97,203.92,1
201.79,198.44,202.34,198.29,2
197.91,198.58,202.395,197.86,2
199.51,201.98,202.53,198.78,2
200.89,202.64,203.819,200.85,1
204.19,203.88,206.19,203.71,2
203.1601,205.91,205.98,202.93,1
206.47,204.37,206.6,203.91,2
206.61,207.52,208.12,205.93,1
208,207.87,208.47,207.55,1
207.66,207.54,208.265,206.7,1
207.89,207.3,208.15,207.1,1
207.085,205.81,207.34,205.782,2
205.76,206.4,206.54,205.38,2
207.2,207.49,207.87,206.91,1
207.64,207.29,207.76,207.03,2
207.11,207.54,207.79,206.8,1
207.26,207.17,207.39,206.91,2
206.68,207.64,207.8445,205.98,1
205.58,204.26,205.71,204.18,2
205.22,205.31,205.55,204.3,1
205.55,204.44,205.92,204.44,1
204.37,203.85,204.58,203.65,1
204.24,204.1,204.49,203.72,1
204.19,204.16,204.83,203.21,1
203.96,203.35,204.24,203.31,1
204.175,204.055,204.31,203.65,1
203.98,203.38,204.04,203.13,1
203.34,203.17,203.5999,202.61,1
203.15,202.39,203.26,201.64,2
202.34,202.54,202.59,201.45,2
201.07,201.23,201.6,200.06,2
201.77,201.92,202.45,201.305,2
201.66,201.78,201.82,200.77,1
199.38,197.58,199.95,197.4,2
198.11,198.55,199.12,196.8,1
198.41,196.82,198.42,196.73,1
196.16,195.73,196.45,195.03,1
196.43,195.25,196.49,194.49,1
194.93,194.62,196.2,194.26,2
192.69,194.41,194.91,192.61,1
194.07,191.68,194.2,191.48,1
190.3,188.13,190.45,188.07,1
188.47,188.42,189.75,187.62,1
186.27,183.06,187.58,182.89,1
186.43,185.16,187.694,181.92,2
187.7,188.42,189.82,187.04,2
187.4099,190.46,191.15,187.3,2
190.54,192.69,193.65,190.49,2
192.74,196.33,196.6,192.58,1
196.64,193.37,196.92,192.36,2
193.26,195.28,195.72,193.22,2
196.29,197.34,197.6,195.582,1
196.52,195.68,196.94,195.08,1
194.38,194.18,195.055,192.35,2
194.35,196.7,196.77,193.91,2
197.02,197.69,198.3,196.61,1
197.54,196.2,197.89,196.05,1
197.9,196.7,198.39,196.42,2
196.34,199.04,199.05,196.27,1
199.56,198.04,199.69,197.52,2
198.01,198.43,199.26,197.95,2
199.15,200.35,200.38,198.73,2
200.7,201.52,201.899,200.29,1
201.82,201.36,201.85,201.1,2
200.75,200.77,201.68,199.75,1
200.48,198.61,200.84,198.5,2
198.981,199.16,199.32,198.38,2
199.13,200.1,200.12,198.56,1
200.3,199.27,200.33,199.12,1
200.07,199.43,200.2,198.77,2
199.32,200.41,200.55,198.91,2
200.59,200.92,201.21,200,1
201.11,200.17,201.19,199.41,2
200.2101,200.84,201.58,199.66,2
200.5,201.38,201.41,200.22,2
200.61,200.97,200.995,199.86,1
200.71,200.45,200.73,199.82,1
200.14,199.59,200.27,199.39,2
200.25,200.43,200.57,199.94,0
200.33,200.33,200.82,200.28,1
200.2,200.14,200.5949,199.1502,2
199.19,199.34,199.69,198.74,1
199.5,199.09,199.76,198.93,1
198.92,198.12,199.16,198.08,1
198.39,197.84,198.54,197.4426,1
197.36,196.8,197.45,196.69,2
195.72,196.47,196.65,194.31,1
195.76,195.16,195.76,194.98,1
194.84,194.29,195.06,193.96,2
193.53,193.61,194.15,192.94,2
193.795,193.965,194.66,193.71,1
193.24,191.46,193.37,190.95,2
191.03,192.935,193.13,190.55,1
192.07,191.11,192.89,191.08,2
192.01,193.1,193.6,191.31,1
193.89,192.87,194.3,192.05,2
192.5,192.56,193.76,191.57,2
193.09,195.61,195.78,192.97,2
196.98,197.65,197.91,196.16,2
196.95,198.17,198.45,196.92,1
197.8,197.76,198.09,196.62,2
197.72,198.09,198.26,197.33,2
198.65,198.83,199.06,198.45,1
198.64,198.495,198.85,198.1,1
198.2,198.01,198.56,197.87,1
197.34,197.09,197.5,196.43,1
197.7099,196.35,197.91,196.24,2
195.71,197.35,198.1,195.43,2
197.96,198.11,198.26,197.42,2
197.23,197.72,198.1,196.36,2
197.6,197.61,197.86,197.44,1
196.61,196.22,196.75,195.78,1
196.34,195.22,196.86,195.06,1
197.12,196.73,197.295,196.31,2
196.24,197.15,197.22,195.76,2
197.51,197.82,197.98,197.22,1
198.2,197.79,198.29,197.64,1
197.23,197.05,197.48,196.96,1
197.03,196.19,197.63,196.13,1
195.72,195.7,196.165,195.53,1
195.82,194.98,195.88,194.885,2
195.44,195.61,195.63,194.13,1
195.58,194.25,195.781,194.25,2
194.7,195.53,196.5,194.48,2
195.88,195.97,196.05,195.52,2
195.94,196.03,196.1039,195.7,1
196.48,196.43,196.6,195.8,1
196.255,194.83,196.37,194.4,1
194.83,194.02,194.97,193.81,1
194.29,193.89,194.7,193.66,1
194.13,193.9,194.32,193.3,2
193.54,194.65,194.8,193.11,1
194.92,194.9,195.12,194.48,1
195.6,195.33,195.64,194.92,1
195.58,195.35,196.05,195.17,1
195.375,194.87,195.43,194.78,