932,4,same,up,down
287.53,287.53,52.38,52.43,0
287.93,290.15,52.38,52.39,2
292.82,289.25,52.35,52.38,2
294.03,292.82,52.25,52.26,2
291.18,291.68,52.21,52.23,2
291.81,294.72,52.2,52.22,2
294.02,293.49,52.29,52.31,2
293.87,293.51,52.26,52.23,2
293.41,292.1,52.28,52.24,1
292.05,292.12,52.16,52.17,1
292.23,292.79,52.15,52.16,2
292.88,290.68,52.04,52.04,2
290.27,289.17,52.02,51.99,0
290.02,290.1,52,51.99,1
289.45,291.4,51.96,51.99,1
290.16,290.95,51.99,51.97,2
289.97,290.24,51.99,51.98,1
290.16,290,51.95,51.97,1
288.21,288.83,52,52.01,2
288.29,287.77,51.99,51.98,2
287.31,287.72,51.98,51.98,1
288.79,288.1,51.95,51.95,0
288.57,287.92,51.96,51.94,0
287.18,286.78,51.94,51.93,1
286.42,287.32,51.93,51.93,1
285.97,286.04,52,51.95,0
285.83,284.7,52.01,52,1
282.48,282.39,52.15,52.12,1
280.71,280.35,52.21,52.19,1
279.65,281.11,52.18,52.13,1
281.12,280.99,52.1,52.07,1
279.04,278.87,52.07,52,1
279.25,283.22,52.02,51.94,1
284.73,280.64,51.82,51.84,1
281.55,282.16,51.75,51.69,2
282.4,283.51,51.68,51.63,1
282.33,281.55,51.65,51.67,1
281.31,280.54,51.67,51.63,2
281.16,281.37,51.58,51.6,1
281.34,280.48,51.63,51.61,2
279.49,279.06,51.61,51.59,1
278.44,275.26,51.58,51.6,1
274.46,272.94,51.6,51.62,2
275.01,276.83,51.53,51.52,2
277.33,279.15,51.47,51.42,1
279.02,279.54,51.39,51.38,1
279.4,281.6,51.41,51.36,1
280.42,280.44,51.33,51.37,1
278.68,278.96,51.48,51.54,2
279.2,278.52,51.47,51.52,2
279.32,279.13,51.55,51.5,2
279.52,280.73,51.46,51.43,1
279.14,278.11,51.49,51.45,1
277.42,277.7,51.42,51.43,1
278.41,277.81,51.48,51.45,2
277.85,276.481,51.43,51.42,1
277.37,276.36,51.39,51.37,1
274.38,273.78,51.36,51.41,1
274.99,275.03,51.34,51.36,2
274.1,272.42,51.37,51.34,2
270.62,271.2,51.37,51.38,1
270.47,268.75,51.38,51.37,2
270.14,270.94,51.35,51.29,1
272.74,272.79,51.23,51.2,1
273.1,272.44,51.21,51.2,1
271.96,270.11,51.19,51.11,1
270.06,270.15,51.13,51.22,1
269.93,267.51,51.29,51.25,2
267.58,265.1,51.18,51.19,1
263.41,263.92,51.19,51.18,2
263.76,263.39,51.13,51.13,1
265.78,265.61,51.09,51.13,0
263.55,263.21,51.15,51.13,2
263.41,264.01,51.1,51.09,1
262.86,264.82,51.14,51.19,1
266.46,264.98,51.11,51.18,2
262.96,260.01,51.11,51.15,2
260.98,260.83,51.14,51.12,2
260.35,257.82,51.13,51.16,1
257.4,256.86,51.12,51.11,2
258.98,257.68,51.1,51.11,1
258.88,256.26,51.03,50.97,2
257.97,257.56,50.99,51.09,1
256.77,256.82,51.06,51.13,2
254.38,252.69,51.1,51.19,2
252.39,247.59,51.03,51.12,2
244.21,248.23,51.19,51.09,2
250.18,245.98,51.06,51.07,1
249.92,249.56,51.05,51.04,2
247.75,249.58,51.05,51,1
248.07,242.57,50.93,50.96,1
246.18,235.97,50.82,50.95,2
234.34,239.04,50.95,50.95,2
240.7,246.74,51.02,50.96,0
247.17,249.86,50.98,51,1
251.26,255.17,50.98,50.91,2
255.08,257.2,50.88,50.81,1
255.36,259.4,50.77,50.71,1
260.47,262.96,50.78,50.76,1
265.37,266.52,50.74,50.79,1
265.46,267.47,50.74,50.77,2
264.13,267.66,50.76,50.78,2
264.07,263.37,50.82,50.78,2
263.57,269.46,50.77,50.72,1
269.84,265.92,50.76,50.73,1
270.25,278.37,50.68,50.59,1
279.3,280.28,50.52,50.43,1
275.65,273.81,50.54,50.58,1
273.98,273.71,50.53,50.5,2
274.58,269.6,50.42,50.38,1
268.4,266.34,50.37,50.33,1
267.5,265.78,50.38,50.37,1
263.25,263.18,50.38,50.39,1
265.02,265.86,50.34,50.35,2
264.12,265.36,50.35,50.35,2
269.1,273.05,50.31,50.27,0
273.73,271.79,50.29,50.2,1
273.02,268.78,50.21,50.22,1
270.2,274.16,50.15,50.05,2
272.06,273.09,50.12,50.1,1
272.57,277.19,50.11,50.06,1
277.76,279.03,50.06,50,1
280.5,280.11,49.98,50.01,1
281.01,277.56,49.97,50,2
275.12,273.32,49.91,49.93,2
273.39,272.44,49.94,49.88,2
271.89,274.75,49.85,49.98,1
273.51,271.6,49.99,50.02,2
270.63,270.65,50.16,50.2,2
267.77,263.67,50.22,50.24,2
263.86,268.8,50.28,50.27,2
265.33,265.92,50.27,50.25,1
270.08,267.38,50.22,50.24,1
265.32,273.33,50.25,50.21,2
273.61,270.95,50.18,50.23,1
275.01,277,50.13,50.1,2
276.25,277.13,50.08,50.06,1
276.4,279.4,50.13,50.01,1
280.45,280.44,50.03,50.06,1
280.4,276.6,50.05,50.04,2
274.4,275.55,50,50.04,1
275.95,276.77,50.02,50.04,2
272.17,277.08,50.09,50.12,2
278.3,286.83,50.03,50.03,2
287.4,287.39,50.12,50.23,0
287.82,287.05,50.11,50.14,2
287.82,289.69,50.15,50.21,2
289.44,291.18,50.2,50.24,2
291.72,292.74,50.3,50.43,2
291.56,291.56,50.43,50.44,2
291.73,292.11,50.39,50.4,2
290.72,289.99,50.51,50.56,2
290.69,290.41,50.52,50.49,2
289.88,290.91,50.5,50.49,1
290.75,291.53,50.41,50.43,1
291.02,291.34,50.47,50.52,2
291.99,293.09,50.53,50.48,2
293.58,292.64,50.47,50.5,1
291.22,290.97,50.55,50.55,2
290.91,289.58,50.58,50.62,0
289.34,290.82,50.66,50.63,2
290.88,291.06,50.65,50.64,1
290.83,290.32,50.71,50.72,1
289.12,289.06,50.69,50.71,2
289.05,287.37,50.69,50.7,2
288.1,288.74,50.7,50.69,2
287.6,286.98,50.69,50.75,1
288.16,289.15,50.81,50.87,2
289.03,289.41,50.84,50.86,2
289.81,289.84,50.84,50.86,2
290.31,289.84,51,51.03,2
290.3,290.94,51.01,51.02,2
291.48,290.16,50.9802,50.99,2
289.92,290.3,51,51.01,2
289.78,288.86,51.02,51.04,2
287.51,286.44,51.02,50.99,2
285.79,285.97,51.03,51.02,1
286.17,285.88,51.02,51.05,1
286.34,286.25,51.01,51.01,2
285.67,285.57,51.03,51.05,0
285.06,283.83,51.01,50.99,2
284.06,283.4,50.99,51.01,1
281.78,282.38,50.98,51.01,2
283.9,282.92,50.94,50.93,2
282.1,283.47,50.96,50.91,1
283.16,283.45,50.94,50.91,1
285.07,285.53,50.92,50.9,1
285.46,285.39,50.85,50.85,1
285.58,285.39,50.82,50.87,0
284.64,283.64,50.9,50.88,2
283.6,282.53,50.87,50.9,1
282.39,279.39,50.9,50.84,2
280.86,281.56,50.82,50.84,1
281.33,280.81,51.03,51.03,2
279.95,281.51,50.96,50.98,0
281.42,283.71,50.96,50.99,2
283.34,283.2,50.98,51.08,2
284.01,281.33,51.05,51.1,2
281.61,281.79,51.05,51.04,2
280.2,279.45,51.04,51.13,1
279.68,279.77,51.1,51.11,2
280,280.31,51.17,51.13,2
281.06,280.56,51.11,51.09,1
280.47,278.47,51.06,51.09,1
279.34,279.64,51.02,51.05,2
279.59,279.17,51.12,51.09,2
279.37,278.28,51.08,51.07,1
276.86,277.15,51.09,51.02,1
278.9,278.41,51,50.95,1
277.9,276.55,50.98,50.95,1
275.42,273.14,51.05,51.04,1
273.11,272.17,50.93,50.97,1
270.9,272.87,51.01,50.85,2
271.86,269.51,50.89,50.9,1
271.28,272.12,50.98,50.98,2
270.89,269.29,50.92,50.99,0
269.35,272.26,50.98,50.98,2
271.6,271.64,50.93,50.92,0
271,273.44,50.93,50.93,1
274.74,275.66,50.92,50.89,0
274.24,275.96,50.97,50.95,1
275.97,276.27,50.9,50.9,1
275.5,274,50.98,51.02,0
276.56,275.49,50.9,50.9,2
277.13,276.6,50.89,50.91,0
278.73,279.01,50.88,50.88,2
278.03,279.19,50.78,50.82,0
278.92,279.03,50.85,50.83,2
278.56,278.44,50.88,50.84,1
278.19,276.85,50.88,50.85,1
277.37,277.95,50.91,50.81,1
277.4,275.79,50.84,50.93,1
275.1,275.05,50.84,50.93,2
274.9,274.53,50.85,50.89,2
273.6,272.41,50.86,50.8,2
270.94,272.15,51.03,51.08,1
272.61,270.5,50.97,50.95,2
269.02,270.31,51.09,51.02,1
272.15,272.15,50.94,50.85,1
272.8,272.91,50.83,50.81,1
273.36,271.17,50.76,50.74,1
272.61,273.96,50.65,50.64,1
273.37,273.01,50.59,50.56,1
271.33,271.62,50.64,50.62,1
272.01,271.94,50.62,50.65,1
272.24,271.14,50.65,50.69,2
271.1,271.59,50.63,50.65,2
272.98,273.34,50.77,50.79,2
272.85,272.16,50.755,50.74,2
272.02,270.34,50.78,50.75,1
269.5,267.68,50.67,50.67,1
266.92,266.5,50.7,50.63,0
266.92,266.89,50.655,50.67,1
266.02,261.52,50.64,50.64,2
262.62,262.26,50.62,50.64,0
263.2,264.76,50.52,50.49,2
264.98,263.87,50.45,50.43,1
264.51,267.26,50.53,50.48,1
266.56,267,50.47,50.43,1
266.31,264.79,50.46,50.42,1
263.63,262.91,50.38,50.5,1
262.98,267.73,50.53,50.56,2
266.57,267.26,50.56,50.58,2
266.61,268.81,50.58,50.58,2
268.89,269.65,50.6,50.61,0
270.39,270.69,50.7,50.7,2
270.19,269.33,50.69,50.68,0
267.33,267,50.7,50.68,1
265.15,267.41,50.72,50.71,1
265.93,265.26,50.71,50.73,1
263.76,263.47,50.76,50.79,2
265.15,264.27,50.65,50.64,2
261,261.37,50.64,50.64,1
259.72,263.42,50.69,50.72,0
265.64,265.55,50.59,50.64,2
263.56,256.75,50.63,50.73,2
260.77,258.87,50.68,50.74,2
257.47,262.55,50.72,50.64,2
263.15,261.12,50.82,50.77,1
259.83,260.75,50.74,50.81,1
260.6,266.17,50.77,50.72,2
265.11,262.13,50.69,50.68,1
258.05,264.17,50.72,50.69,1
263.67,267.91,50.7,50.73,1
270.43,270.9,50.62,50.64,2
270.95,270.94,50.64,50.69,2
270.49,273.35,50.69,50.62,2
274.2,274.5,50.68,50.67,1
275,275.88,50.71,50.72,1
275.3,277.81,50.7,50.62,2
276.72,279.84,50.65,50.68,1
278.52,279.2,50.66,50.69,2
278.87,275.7,50.66,50.66,2
274.1,273.55,50.74,50.69,0
272.78,270.42,50.73,50.69,1
272.88,273.3,50.7,50.69,1
272.19,267.73,50.61,50.72,1
269.08,265.8,50.67,50.69,2
267.7,271.41,50.76,50.67,2
271.65,275.68,50.69,50.73,1
274.43,278.11,50.69,50.76,2
277.9,275.93,50.75,50.84,2
274.71,271.79,50.76,50.78,2
270.4,271.1,50.62,50.67,2
270.05,271.9,50.57,50.82,2
271.4,272.03,50.74,50.77,2
273.11,272.32,50.77,50.8,2
273.03,271.57,50.69,50.71,2
269.59,264.31,50.66,50.77,2
266,263.97,50.83,50.83,2
265.34,263.83,50.82,50.71,0
261.5,260.8,50.76,50.74,1
257.63,268.01,50.82,50.74,1
267.67,268.5,50.8,50.96,1
269.13,259.94,50.88,50.9,2
263.93,273.45,50.87,50.7,2
275.45,280.08,50.72,50.8,1
281.58,281.07,50.815,51,2
281.9,282.73,51.1,51.08,2
281.76,282.6,51.05,51.12,1
284.68,285.93,51.15,51.2,2
286.58,284.25,51.25,51.28,2
283.3,284.16,51.39,51.33,2
283.18,284.02,51.31,51.4,1
283.29,282.74,51.4,51.5,2
282.69,280.17,51.395,51.46,2
280.41,279.8,51.43,51.45,2
279.14,279.48,51.44,51.43,2
279.61,278.03,51.44,51.45,1
276.97,279.35,51.4,51.42,2
277.92,276.42,51.37,51.35,2
276.12,274.75,51.4,51.45,1
274.12,273.68,51.44,51.4,2
274.54,274.4,51.51,51.58,1
273.92,273.31,51.61,51.65,2
273.42,272.51,51.61,51.58,2
271.61,271.2,51.54,51.7,1
270.47,268.96,51.61,51.63,2
268.77,267.84,51.6,51.67,2
266.86,268.53,51.675,51.68,2
267.87,267.89,51.66,51.68,2
267.32,267.38,51.67,51.57,2
267.19,267.05,51.51,51.41,1
267.51,267.6,51.46,51.45,1
267.58,267.74,51.53,51.38,1
267.03,268.27,51.39,51.41,1
267.17,268.48,51.485,51.56,2
268.2,268.1,51.65,51.69,2
266.51,265.45,51.66,51.72,2
265.66,267.09,51.71,51.74,2
266.75,267.06,51.74,51.54,2
266.78,266.57,51.54,51.4,1
266.31,265.58,51.54,51.62,1
265.51,264.99,51.54,51.89,2
264.07,263.09,51.88,51.88,2
263.24,262.87,51.91,51.81,0
263.19,264.43,51.69,51.55,1
264.14,266.31,51.59,51.47,1
264.46,264.76,51.52,51.4,1
265.01,263.76,51.41,51.28,1
262.71,263.02,51.28,51.2,1
262.87,260.76,51.36,51.34,1
260.23,260.41,51.38,51.42,1
260.36,260.32,51.48,51.39,2
259.76,260,51.49,51.57,1
259.99,259.18,51.61,51.64,2
258.3,258.14,51.6,51.62,2
257.86,258.22,51.67,51.64,2
258.62,257.52,51.68,51.73,1
256.44,256.62,51.69,51.74,2
257.73,257.41,51.69,51.66,2
258.33,257.31,51.7,51.72,1
258.09,257.73,51.67,51.69,2
258.17,257.73,51.83,51.89,2
259.11,258.47,51.87,51.88,2
258.67,258.97,51.85,51.73,2
258.85,258.3,51.72,51.69,1
258.45,257.77,51.65,51.64,1
257.59,257.41,51.63,51.59,1
257.49,258.04,51.57,51.56,1
257.15,257.18,51.65,51.64,1
256.75,257.07,51.645,51.67,1
257.71,256.47,51.62,51.62,2
255.62,255.99,51.62,51.67,0
255.29,256.18,51.67,51.68,2
256.56,256.6,51.75,51.73,2
256.11,257.48,51.78,51.8,1
257.11,256.7,51.78,51.81,2
255.79,254.83,51.89,51.88,2
255.72,255.9,51.835,51.85,1
255.47,255.23,51.89,51.81,2
255.29,255.21,51.82,51.78,1
254.95,255.14,51.8,51.8,1
254.64,254.66,51.72,51.72,0
255.02,254.51,51.71,51.68,0
254.62,254.6,51.66,51.65,1
253.95,254.63,51.66,51.64,1
254.37,254.15,51.65,51.56,1
254.66,253.54,51.62,51.61,1
253.16,252.69,51.59,51.57,1
252.86,252.46,51.55,51.54,1
252.32,251.49,51.55,51.58,1
251.23,250.34,51.66,51.69,2
250.35,249.73,51.67,51.65,2
250.05,249.88,51.69,51.74,1
249.08,249.42,51.84,51.8,2
248.93,249.15,51.82,51.8,1
249.44,249.05,51.81,51.81,1
249.39,249.88,51.76,51.76,0
250.06,250.07,51.75,51.8,0
249.97,250,51.78,51.84,2
249.72,249.61,51.82,51.84,2
249.19,248.69,51.86,51.87,2
250.09,249.8,51.86,51.85,2
250.17,249.72,51.85,51.91,1
250.05,249.63,51.91,51.96,2
249.21,248.04,51.98,51.99,2
246.58,246.54,52.04,52.03,2
246.87,247.25,52.03,52,1
246.9,246.84,51.96,51.97,1
246.06,247.26,51.97,51.95,2
247.84,247.92,51.9,51.89,1
247.49,246.72,51.99,51.98,1
246.01,244.83,51.98,51.93,1
244.85,243.06,51.93,51.95,1
244.57,245.17,51.89,51.86,2
244.56,244.9,51.89,51.87,1
243.99,245,51.88,51.83,1
244.56,244.33,51.9,51.82,1
245.44,243.57,51.81,51.77,1
242.9,242.64,51.8,51.79,1
242.71,242.9,51.74,51.77,1
243.09,246.24,51.75,51.74,2
246.94,247.11,51.75,51.72,1
246.51,246.98,51.75,51.72,1
246.54,245.59,51.78,51.77,1
244.12,244.02,51.8,51.78,1
243.76,246.29,51.76,51.77,1
247.25,246.47,51.7,51.71,2
247.26,247.51,51.66,51.66,2
247.87,247.49,51.69,51.66,0
247.41,247.52,51.65,51.63,1
246.96,247.31,51.66,51.62,1
247.44,247.47,51.59,51.62,1
247.32,247.46,51.6,51.53,2
246.77,247.37,51.65,51.61,1
246.91,246.65,51.63,51.59,1
247.2,247.96,51.6,51.61,1
247.43,247.75,51.58,51.6,2
247.42,247.68,51.59,51.62,2
246.82,246.79,51.65,51.63,2
246.88,246.44,51.63,51.63,1
247.1,247.28,51.56,51.59,0
246.99,246.02,51.52,51.51,2
245.66,245.06,51.52,51.49,1
245.53,245.47,51.39,51.38,1
245.56,244.43,51.33,51.33,1
244.42,244.02,51.26,51.26,0
244.01,243.3,51.27,51.26,0
242.19,242.16,51.19,51.17,1
242.37,241.95,51.16,51.18,1
242.11,241.21,51.15,51.12,2
240.55,241.89,51.13,51.16,1
242.77,242.63,51.24,51.2,2
242.21,242.88,51.2,51.25,1
241.8,242.28,51.32,51.3,2
241.35,243.66,51.3,51.4,1
243.49,242.5,51.45,51.47,2
241.33,243.04,51.5,51.5,2
243.29,243.9,51.56,51.56,0
243.13,242.91,51.56,51.53,0
242.84,242.96,51.54,51.55,1
242.95,243.42,51.52,51.5,2
243.01,244.25,51.52,51.51,1
244.66,243.59,51.47,51.48,1
242.64,242.77,51.52,51.48,2
243.77,242.68,51.47,51.52,1
244.24,244.86,51.5,51.56,2
244.55,243.98,51.43,51.48,2
243.36,243.13,51.43,51.48,2
243.41,244.09,51.47,51.53,2
243.78,243.77,51.53,51.6,2
243.66,243.6,51.59,51.62,2
243.21,243.34,51.63,51.61,2
243.99,243.97,51.5,51.53,1
244.17,243.42,51.56,51.49,2
243.36,241.97,51.41,51.43,1
241.44,241.84,51.53,51.48,2
241.5,241.34,51.47,51.42,1
241.71,241.54,51.39,51.39,1
241.76,241.2,51.38,51.39,0
240.61,240.32,51.37,51.32,2
240.05,239.95,51.31,51.32,1
239.52,238.9,51.27,51.22,2
238.31,237.33,51.26,51.2,1
236.77,235.73,51.24,51.23,1
235.82,238.1,51.16,51.12,1
240.08,240.64,50.99,50.97,1
240.3,239.47,50.93,50.95,1
238.98,239.09,50.93,50.88,2
239.38,239.35,50.84,50.84,1
239.87,239.39,50.8,50.79,0
239.44,239.96,50.74,50.75,1
239.66,239.75,50.74,50.75,2
239.7,239.19,50.77,50.74,2
238.76,238.83,50.72,50.69,1
238.48,238.29,50.73,50.74,1
238.77,238.84,50.73,50.68,2
238.68,238.68,50.69,50.73,1
238.08,238.9,50.83,50.81,2
238.6,238.77,50.83,50.83,1
238.4,238.51,50.83,50.83,0
238.55,237.91,50.82,50.91,0
237.17,237.18,50.91,50.93,2
234.59,235.25,51.02,51.05,2
235.34,234.15,51.02,51.07,2
233.44,234.52,51.07,51.08,2
233.87,233.72,51.06,50.99,2
234.57,233.11,50.93,50.94,1
232.51,233.64,50.94,50.94,2
234.03,234.74,50.9,50.86,0
235.06,234.9,50.87,50.84,1
235.34,235.36,50.79,50.79,1
235.2,235.15,50.72,50.77,0
235.44,234.94,50.71,50.71,2
234.78,236.26,50.69,50.63,0
235.48,235,50.62,50.63,1
235.33,235.8,50.66,50.6,2
235.74,235.9,50.64,50.65,1
236.29,235.47,50.65,50.69,2
235.54,234.99,50.7,50.71,2
235.32,233.27,50.615,50.63,2
233.62,231.93,50.61,50.62,2
233.86,234.38,50.55,50.51,2
234.03,234,50.5,50.5,1
234.28,233.77,50.49,50.43,0
233.73,237.47,50.39,50.34,1
236.77,237.03,50.2944,50.27,1
237.03,237.75,50.27,50.27,1
238.48,239.11,50.25,50.26,0
238.95,237.56,50.18,50.14,2
236.9,237.18,50.11,50.15,1
237.81,237.62,50.08,50.1,2
237.69,237.97,50.13,50.19,2
236.86,236.7,50.1,50.12,2
236.56,237.34,50.18,50.12,2
237,237.36,50.23,50.23,1
237.71,237.5,50.23,50.21,0
238.42,238.17,50.23,50.31,1
238.27,239.56,50.3,50.34,2
239.78,238.39,50.35,50.41,2
236.47,236.67,50.61,50.62,2
237.11,236.64,50.56,50.61,2
236.74,235.46,50.61,50.58,2
236.44,236.88,50.52,50.52,1
236.28,236.02,50.45,50.48,0
236.49,235.52,50.39,50.37,2
235.09,233.95,50.4,50.39,1
234.72,234.96,50.24,50.3,1
234.92,233.45,50.21,50.31,2
233.7,232.56,50.31,50.42,2
232.77,232.08,50.47,50.38,2
231.51,231,50.39,50.42,1
230.6,229.56,50.39,50.51,2
229.24,228.61,50.44,50.47,2
228.94,229.38,50.34,50.34,2
228.93,228.87,50.44,50.41,0
229.34,228.82,50.3,50.36,1
227.77,227.2,50.27,50.3,2
227.62,228.255,50.24,50.2,2
227.53,226.98,50.38,50.29,1
227.55,228.17,50.23,50.34,1
228.97,229.42,50.36,50.38,2
229.33,229.4,50.28,50.36,2
229.57,228.7,50.28,50.41,2
227.6,226.4,50.35,50.43,2
226.15,226.35,50.41,50.36,2
226.74,226.7,50.37,50.42,1
225.91,226.84,50.43,50.63,2
226.75,226.535,50.67,50.69,2
226.25,226.31,50.78,50.77,2
227.05,226.73,50.76,50.71,1
226.53,226.5,50.7,50.63,1
227.1,226.36,50.59,50.58,1
226.46,226.48,50.48,50.51,1
226.46,226.91,50.46,50.46,2
227.21,226.53,50.41,50.39,0
226.4,226.27,50.47,50.41,1
226.58,225.62,50.3,50.2,1
225.24,225.04,50.15,50.17,1
223.53,224.73,50.26,50.23,2
224.35,224.48,50.225,50.19,1
224.4,226.57,50.23,50.05,1
226.27,226.02,50.12,49.98,1
225.71,225.43,50.09,50.15,1
225.38,225.6,50.07,49.93,2
225.77,226.25,50.03,50.06,1
226.4,226.15,49.96,49.93,2
225.53,225.25,50.01,49.92,1
225.04,226.01,49.86,49.91,1
226.81,226.16,49.9,50.15,2
225.88,227.41,50.02,50.17,2
227.76,227.02,50.08,50.16,2
226.25,226.4,50.15,50.22,2
226.51,225.41,50.19,50.21,2
225.15,224.57,50.18,50.17,2
224.6,221.52,50.29,50.15,1
221.7,221.22,49.95,49.87,1
221,220.65,49.6,49.54,1
219.68,219.67,49.64,49.32,1
219.57,220.73,49.45,49.56,1
220.38,221.63,49.69,49.72,2
220.91,220.52,49.82,50.01,2
220.48,221.16,50.02,50.12,2
221.52,221.1,50.0635,50.09,2
220.7,219.98,50.07,50.14,2
220.58,220.51,50.25,50.34,2
220.15,219.17,50.32,50.32,2
218.5,219.07,50.31,50.26,0
218.99,218.05,50.31,50.29,1
217.87,217.56,50.37,50.38,1
218.28,217.04,50.42,50.31,2
216.59,217.03,50.16,50.52,1
216.42,216.08,50.85,50.9,2
216.92,217.3,50.84,51.35,2
216.3792,212.37,51.21,51.47,2
214.11,212.69,51.68,51.72,2
213.15,211.45,51.62,51.6,2
208.55,208.91,51.75,51.75,1
208.78,209.99,51.67,51.6,0
209.74,210.65,51.68,51.68,1
211.01,212.93,51.58,51.57,0
212.55,212.93,51.72,51.7,1
212.54,213.14,51.66,51.6,1
213.17,214.58,51.56,51.66,1
213.74,213.21,51.66,51.7,2
214.17,214.68,51.72,51.68,2
214.89,215,51.63,51.76,1
213.98,212.96,51.75,51.8,2
213.88,213.87,51.72,51.73,2
214.28,214.02,51.6576,51.6,2
213.71,214.24,51.66,51.66,1
212.38,213.09,51.74,51.66,0
213.12,214.15,51.67,51.67,1
213.01,212.16,51.76,51.77,0
213.71,213.59,51.76,51.8,2
213.43,215.66,51.8,51.92,2
216.16,216.155,51.87,51.85,2
215.04,216.1,51.92,51.93,1
215.78,215.37,51.89,51.95,2
215.63,215.41,51.95,52.08,2
214.68,215.91,52.0294,52.18,2
215.78,215.82,52.15,52.2,2
216.3,215.65,52.2,52.3,2
214.68,216.4,52.32,52.31,2
216.64,215.83,52.3267,52.35,1
215.57,214.05,52.37,52.355,2
214.24,215.02,52.33,52.29,1
215.99,216.72,52.25,52.23,1
217.18,217,52.24,52.24,1
215.82,214.24,52.21,52.17,0
213.42,214.41,52.16,52.19,1
213.41,214.13,52.17,52.19,2
213.37,213.48,52.2,52.23,2
215.28,212.96,52.17,52.18,2
213.15,213.29,52.24,52.2,2
213.23,214.84,52.18,52.34,1
216.34,212.39,52.31,52.39,2
213.28,216.97,52.3,52.42,2
218.51,218.62,52.39,52.46,2
219.01,218.84,52.46,52.48,2
219.0308,218.7,52.54,52.5,2
218.37,218.39,52.47,52.49,1
217.39,217.37,52.42,52.48,2
217.38,217.61,52.6004,52.62,2
218,218.26,52.62,52.67,2
218.3608,217.44,52.69,52.66,2
217.29,217.92,52.56,52.65,1
217.7,217.4,52.63,52.64,2
217.85,218.8,52.6,52.67,2
218.97,219.25,52.62,52.65,2
218.53,218.26,52.65,52.68,2
218.54,218.31,52.56,52.58,2
218.86,218.34,52.65,52.65,2
218.37,218,52.6,52.58,0
217.96,218.6,52.5148,52.64,1
219.09,218.89,52.5,52.55,2
218.46,218.29,52.54,52.64,2
218.65,218.26,52.42,52.52,2
217.64,218.31,52.5,52.53,2
218.18,218.13,52.49,52.49,2
218.05,218.4,52.44,52.35,0
218.18,217.21,52.33,52.38,1
216.4097,216.31,52.52,52.47,2
216.18,215.48,52.43,52.44,1
215.5492,216.65,52.38,52.33,2
216.94,217.19,52.44,52.41,1
217.12,216.46,52.65,52.57,1
216.77,216.29,52.54,52.48,1
216.52,217.19,52.5,52.45,1
216.75,216.53,52.41,52.45,1
216.65,217,52.38,52.39,2
217.24,216.41,52.36,52.33,2
216.265,216.96,52.37,52.32,1
217.085,216.75,52.4,52.42,1
216.19,215.92,52.43,52.42,2
216.4092,215.97,52.43,52.46,1
215.83,216.78,52.43,52.39,2
216.12,216.4,52.51,52.49,1
214.92,215.44,52.6,52.64,1
214.95,214.53,52.58,52.65,2
213.4,213.19,52.66,52.76,2
212.65,211.05,52.78,52.68,2
209.526,209.87,52.77,52.69,1
209.66,207.83,52.81,52.88,1
208.41,208.95,52.88,52.76,2
209.9208,209.36,52.68,52.7,1
209.475,207.21,52.7,52.69,2
206.66,204.84,52.64,52.7,1
203.1997,201.48,52.77,52.76,2
199.6,201.59,52.77,52.78,1
203.13,203.63,52.75,52.6,2
210.81,209.81,52.13,52.2,1
208.1,208.65,52.28,52.38,2
208.44,208.3,52.35,52.4,2
207.85,208.82,52.34,52.29,2
206.52,207.17,52.42,52.46,1
208.37,206.73,52.46,52.41,2
207.75,208.54,52.39,52.34,1
208.04,208,52.325,52.3,1
208.4492,209.36,52.21,52.16,1
210.07,210.46,52.25,52.19,1
212.08,211.51,52.17,52.11,1
212.37,211.84,52.0042,51.93,1
211.68,211.525,52,52,1
211.35,210.7,51.93,51.93,0
210.28,210.25,52,51.87,0
210.91,209.8,51.9,51.88,1
210.27,209.12,51.79,51.91,1
209.84,210.56,51.88,51.81,2
210.24,209.53,51.81,51.86,1
209.34,209.44,51.88,51.87,2
209.28,208.67,51.84,51.81,1
207.87,206.17,51.81,51.86,1
205.21,205.51,51.88,51.9,2
205.49,204.92,51.93,51.94,2
204.2,204.06,51.93,51.9,2
204.91,204.44,51.93,52.06,1
204.8508,206.46,52.05,52.04,2
206.78,204.96,51.95,51.97,1
204.76,206.21,52.03,52,2
206.56,207.29,51.94,51.95,1
206.5,207.91,51.98,51.96,2
208.45,206.72,51.84,51.91,1
205.8892,205.57,51.85,51.92,2
205.72,204.06,51.89,51.93,2
204.97,205.56,51.86,51.88,2
205.01,204.99,51.85,51.8,2
206.1592,206.52,51.84,51.9,1
207.97,206.92,51.71,51.8,2
206.3308,206.72,51.828,51.75,2
207.4475,208.46,51.7801,51.91,1
209.35,208.47,51.7,51.68,2
208.9192,209.04,51.67,51.72,1
208.61,208.26,51.7,51.71,2
208.97,208.55,51.71,51.74,2
208.97,210.12,51.61,51.69,2
210.1,209.95,51.65,51.79,2
209.9,209.74,51.7,51.77,2
209.2392,207.14,51.72,51.74,2
207.78,208.01,51.75,51.73,2
208.01,208.07,51.6444,51.72,1
208.0008,207,51.67,51.79,2
205.92,204.22,51.6787,51.68,2
204.0201,205.25,51.683,51.69,2
204.4992,205.34,51.67,51.67,2
203.95,205.14,51.66,51.68,0
206.42,204.29,51.53,51.6,2
204.1892,204.67,51.55,51.58,2
206.25,206.83,51.44,51.47,2
206.92,204.35,51.42,51.43,2
205.52,205.91,51.45,51.4199,2
206.02,206.3,51.28,51.32,1
205.1208,202.76,51.35,51.32,2
203.24,203.61,51.28,51.3,1
203.12,202,51.25,51.28,2
203.2092,204.11,51.25,51.29,2
204.56,203.76,51.23,51.28,2
204.67,204.07,51.22,51.25,2
204.38,204.17,51.25,51.15,2
204.63,203.24,51.15,51.22,1
203.34,201.6,51.11,51.16,2
202.17,201.36,51.1,51.16,2
202.5,202.16,51.14,51.2,2
202.76,201.26,51.09,51.14,2
199.54,199.96,51.085,51.08,2
199.38,199.36,51.04,51.04,1
198.4,199.32,51.118,51.1,0
200.59,199.34,51.05,51.08,1
200.43,200.01,51.07,51.14,2
199.775,198.79,51.12,51.11,2
199,197.74,51.11,51.24,1
198.11,195.01,51.2199,51.37,2
193.56,195.11,51.34,51.34,2
195.0892,196.57,51.27,51.32,0
195.54,193.73,51.43,51.48,2
193.2,190.63,51.38,51.45,2
192.32,194,51.38,51.34,2
194.78,193.87,51.39,51.47,1
192,191.17,51.46,51.46,2
192.09,193.2,51.47,51.42,0
192.88,191.16,51.44,51.41,1
189.78,188.77,51.5099,51.65,1
186.63,184.96,51.54,51.56,2
182.86,182.34,51.6,51.74,2
185.27,186.41,51.56,51.51,2
185.43,183.36,51.51,51.61,1
185.42,185.77,51.49,51.43,2
187.95,190.99,51.46,51.45,1
191.6,190.71,51.35,51.36,1
191.3,191.41,51.35,51.39,2
190.16,191.96,51.36,51.37,2
193.65,192.53,51.2447,51.26,2
193.7208,190.02,51.25,51.33,2
189.11,189.96,51.22,51.25,2
188.13,189.58,51.18,51.21,2
190.2,188.42,51.24,51.21,2
187.64,189.92,51.22,51.32,1
190.52,189.78,51.28,51.26,2
186.69,186.21,51.32,51.43,1
185.65,185.03,51.37,51.39,2
188.06,189.96,51.21,51.16,2
187.81,186.77,51.27,51.27,1
191.93,189.55,51.19,51.25,0
188.83,194.45,51.225,51.23,2
193.6608,193.82,51.18,51.26,2
192.11,193.01,51.21,51.27,2
191.923,195.19,51.35,51.31,2
194.05,195.33,51.31,51.37,1
198.82,198.34,51.34,51.26,2
201.36,201.4,51.13,51.06,1
201.0192,200.49,51.05,51.06,1
203.87,205.13,50.99,50.97,2
205.93,207.11,50.91,50.94,1
207.4,206.51,50.91,50.9,2
205.21,204.86,50.86,50.87,1
205.68,205.72,50.88,50.76,2
206.02,204.69,50.76,50.72,1
203.5,202.715,50.66,50.8,1
201.67,201.41,50.82,50.86,2
200.0208,202.77,50.82,50.74,2
204.86,208.4,50.85,50.84,1
208.03,206.365,50.7,50.65,1
205.0308,204.7,50.71,50.75,1
202.9008,202.07,50.69,50.79,2
201.88,203.35,50.89,50.82,2
205.87,205.42,50.65,50.61,1
205.34,206.19,50.58,50.63,1
206.949,206.49,50.59,50.69,2
208.35,209.23,50.51,50.51,2
209.62,206.08,50.53,50.53,0
205.61,208.83,50.45,50.54,0
208.529,210.615,50.58,50.57,2
210.68,209.44,50.59,50.53,1
208.69,209.75,50.53,50.53,1
209.56,209.43,50.52,50.56,0
209.32,209.5,50.5,50.49,2
209.35,207.87,50.47,50.45,1
209.07,209.38,50.41,50.52,1
209.3108,209.45,50.39,50.44,2
208.55,208.59,50.29,50.32,2
208.73,206.04,50.25,50.3,2
205.47,205.99,50.25,50.24,2
205.62,202.32,50.25,50.27,1
202.54,204.35,50.2,50.21,2
204.84,206.5,50.14,50.14,2
207.74,208.88,50.11,50.1,0
208.56,207.51,50.13,50.12,1
208.08,209.31,50.1,50.12,1
210.04,209.74,50.08,50.02,2
210.15,210.43,50.26,50.3,1
210.36,211.35,50.27,50.26,2
211,209.97,50.23,50.3,1
210.39,208.32,50.26,50.29,2
207.93,209.06,50.42,50.39,2
208.83,208.35,50.34,50.43,1
208.95,207,50.36,50.46,2
206.6,206.2,50.41,50.42,2
207,207.3,50.39,50.4,2
207.51,207.25,50.284,50.28,2
205.26,202.98,50.31,50.34,1
201.85,203.61,50.363,50.33,2
203.09,202.85,50.23,50.25,1
203.37,202.5,50.25,50.3,2
203.27,202.83,50.24,50.3,2
202.35,200.08,50.24,50.28,2
199.29,200.18,50.38,50.31,2
200.25,200.65,50.282,50.3,1
201.52,201.42,50.29,50.26,2
201.33,201.38,50.18,50.21,1
201.21,198.95,50.22,50.28,2
199.41,198.9,50.23,50.2,2
197.79,198.31,50.28,50.27,1
198.47,196.46,50.23,50.27,1
195,189.77,50.28,50.32,2
192.13,192.08,50.19,50.21,2
191.63,190.37,50.24,50.23,2
188.12,188.27,50.24,50.22,1
188.01,191.78,50.17,50.1,1
192.85,194.64,50.08,50.08,1
192.9,192.15,50.07,50.11,0
193.6,194.11,50.04,50.01,2
193.91,193.88,50.03,50,1
196.46,196.44,49.838,49.87,1
195.45,195.71,49.9767,49.94,2
199.73,200.02,49.8756,49.735,1
200.18,198.82,49.659,49.7,1
198.46,196.61,49.64,49.78,2
196.01,196.95,49.83,49.86,2
196.74,195.375,49.84,49.83,2
195.85,194.56,49.785,49.82,1
194.79,199.32,49.81,49.75,2
197.43,195.94,49.83,49.92,1
192.59,192.85,49.98,49.97,2
195.55,196.26,49.99,49.93,1
195.41,194.62,49.83,49.91,1
191.77,193.12,49.93,50.07,2
197.67,198.11,49.975,50.1,2
199.28,198.5,49.99,50.09,2
199.27,197.02,50,50,2
194.46,192.08,50,50.02,0
187.27,195.43,50.068,50.01,2