2497,4,same,up,down
146.24,1923948,146.06,147.635,1
147.28,2319528,146.33,148.03,1
145.96,2072281,144.23,146.27,1
145.1,3090493,144.28,145.91,1
143.8,4242118,144.7,145.15,2
147.53,3175474,146.33,147.96,1
146.85,2768002,146.06,147.175,1
147.32,2492088,147.35,148.2396,2
147.56,4385772,148.84,149.09,2
150.15,2635339,148.19,150.34,1
150.63,2147145,149.8,150.7,1
149.02,2537824,149.15,149.74,2
149.27,3761540,150.8,150.87,2
150.39,2224492,150.28,150.6,1
150.38,2461500,150.22,150.69,1
150.16,2184457,149.41,150.16,1
149.35,2428236,149.54,149.69,2
149.6,1924609,149.78,150.05,2
149.8,2344167,148.55,149.92,1
148.31,2148562,147.95,148.405,1
148.27,2457028,148.4,148.4,2
148.05,2983603,149.2,149.22,2
148.6,2953272,149,149.06,2
148.56,2083023,148.75,148.8,2
148.68,2611924,148.55,148.8,1
147.69,1794146,147.94,147.96,2
147.7,2018914,147.24,147.72,1
147.02,2150712,147.32,147.48,2
147.91,2130459,147.54,147.93,1
147.78,1744464,147.39,147.83,1
147.04,2248398,146.84,147.15,1
146.73,2404410,147.08,147.34,2
146.38,4292788,146.42,146.5,2
146.39,3665176,145.76,146.48,1
144.71,3613426,144.61,144.785,1
143.76,2654498,143.46,143.98,1
143.13,3402707,143.84,144.15,2
143.79,2860989,143.7,144.3799,1
142.69,3676443,142.58,143.31,1
143.56,5149899,145.84,146.07,2
146.62,2949691,144.48,146.8401,1
144.92,2897218,145.32,145.99,2
145.52,6104596,146.12,146.47,2
145.55,2489653,145.1,145.76,1
145.01,2323995,144.62,145.48,1
144.34,1493431,144.46,144.64,2
144.46,2013524,143.96,144.95,1
143.54,1965676,143.33,143.8432,1
143.06,1908328,141.39,143.11,1
140.99,2327895,140.13,141.03,1
141.28,2850774,142.16,142.25,2
142.39,2138842,143.52,143.549,2
143.48,2838003,143.81,143.8999,2
143.75,3553682,145,145.03,2
144.42,2985134,144.38,144.6,1
143.46,2275139,143.65,143.9,2
143.76,2046501,143.39,143.97,1
143.71,2155169,143.75,144.23,2
143.98,3916200,144.56,144.88,2
143.77,1838420,143.2,143.836,1
142.83,3684925,143.06,143.14,2
143.32,2356995,143.05,143.53,1
143.02,2467617,142.41,143.3899,1
142.74,2537228,142.16,142.77,1
141.19,2731360,140.86,141.81,1
141.44,2369331,141.45,141.88,2
141,3311325,140.12,141.1799,1
139.26,2336940,139.4,139.5528,2
138.97,2104788,138.14,138.99,1
138.83,5096862,139.18,139.49,2
140.16,2944841,140.15,140.4,1
140.3,2758495,139.95,140.45,1
139.72,4938031,138.76,139.7499,1
138.73,3225333,138.7,139.2,1
138.53,3932769,137.27,138.77,1
137.32,3059655,136.15,137.81,1
135.28,2974315,135.62,135.87,2
135.47,4370151,135.24,135.52,1
136.47,2986228,136.23,136.82,1
135.2,3785197,134.93,135.47,1
134.92,3934187,135.38,135.77,2
134.78,5035700,135.89,135.92,2
136.65,4223851,135.89,136.94,1
134.9,4400288,133.4,135.3996,1
133.82,2963128,133.67,134.33,1
133.44,4542116,132.19,133.56,1
132,2479388,131.79,132.49,1
132.84,3033841,132.13,132.86,1
132.81,2685619,131.44,132.89,1
132.16,6405105,132.02,132.67,1
131.54,3947605,131.45,131.73,1
130.2,4485051,129.19,131.04,1
128.9,4776874,126.48,129.37,1
124.77,5252877,126.91,126.91,2
127.73,5085309,125.75,128.16,1
127.63,9414794,127.38,127.73,1
126.43,11668080,127.5,128.31,2
126.59,16125920,123.76,126.59,1
125.46,12511600,120.34,125.52,1
119.7,14488500,121.9,122.54,2
123.49,13604170,126.51,127.97,2
126.17,13119680,127.51,128.38,2
128.24,8007383,130.28,132.39,2
130.24,8065423,131.26,131.7399,2
130.28,7192171,132.54,133.159,2
133.12,4503186,134.26,134.92,2
135.46,3294375,136.24,136.69,2
135.79,3719336,136.72,137.51,2
135.02,3459195,136.86,137.015,2
135.05,5046755,134.81,135.5999,1
134.9,4986116,137.94,138.87,2
138.16,6542930,136.15,138.16,1
138.33,3917382,142.64,142.82,2
143,3655337,143.6,144,2
141.35,2142044,140.24,141.51,1
140.34,2895018,140.19,141.16,1
140.6,6060916,138.03,140.6,1
137.4,2860106,136.65,137.42,1
137.23,4697462,136.48,137.28,1
135.13,1300011,134.92,135.919,1
135.86,4151343,136,136.89,2
135.2,4627154,135.73,136.62,2
137.65,3480896,139.83,139.93,2
140.08,2272301,139.07,140.57,1
139.78,2618729,137.55,140.01,1
138.22,2765184,140.34,140.571,2
139.24,2290504,139.77,140.92,2
139.44,3529868,141.79,141.97,2
142.17,2226341,142.91,142.96,2
143.64,1873388,143.55,144.0648,1
143.92,2781204,142.3,143.9999,1
141.04,2029677,140.19,141.11,1
140.24,3140174,139.8,140.52,1
139.56,3171338,140.93,141.2,2
140.13,3713324,139.04,140.37,1
138.56,4034486,138.6,139.84,2
137.13,3675481,134.96,137.29,1
135.02,5166725,137.51,138.33,2
135.77,6623494,136.12,137.53,2
138.16,4877834,136.63,138.96,1
135.61,6011579,139.89,140.0902,2
139.96,4981578,138.69,140.6699,1
140.79,3220232,141.73,141.9399,2
141.35,2997868,142.14,143.07,2
141.72,3782885,143.31,143.61,2
143.8,3147971,143.91,144.15,2
143.84,3989269,141.75,144.06,1
140.74,3386397,141.16,141.975,2
141.37,7980495,142,142.3168,2
139.53,11707360,142.02,142.9699,2
142.57,6876407,146.93,146.95,2
147.26,3690604,147.25,148.02,1
147.52,2515119,147.28,147.7632,1
147.63,3197963,148.62,148.95,2
148.59,3220953,149.58,149.61,2
149.86,2564238,150.26,150.49,2
149.66,2159383,149.86,150.1,2
149.88,2719151,150.42,150.77,2
149.65,1797076,149.28,149.986,1
150.3,1808270,150.24,150.9481,1
149.95,4902916,150.61,151.29,2
150.53,2318979,150.89,151.075,2
150.61,1668761,150.87,150.93,2
151.16,1986009,151.82,151.839,2
151.31,1714273,150.83,151.47,1
150.15,1809910,150.12,150.4767,1
150.13,1665427,149.43,150.4436,1
149.33,1661940,150.24,150.28,2
150.28,1362719,150.28,150.48,0
150.16,1905984,149.97,150.3268,1
149.41,2181169,149.31,149.64,1
149.4,2575374,148.55,149.62,1
148.9,2156338,149.2,149.33,2
148.58,2334552,148.37,149.1732,1
148.92,2592415,149.46,149.6899,2
149.37,2772138,149.66,149.69,2
149.86,2340198,149.89,150.1,2
150.07,2537507,149.81,150.28,1
150.01,2150478,150.31,150.6,2
150.63,2688556,149.96,150.77,1
149.84,3015399,150.1,150.1999,2
149.75,2125878,149.32,149.87,1
148.68,1712797,148.15,148.76,1
147.76,1351214,147.9,148.37,2
148.05,1169607,147.79,148.289,1
148,2089701,147.78,148.51,1
147.45,5759777,147.45,147.69,0
147.17,2188467,146.45,147.3902,1
146.63,1347587,146.28,147.15,1
145.49,2684921,145.87,146.03,2
146.65,1784334,146.11,146.7837,1
145.69,1898234,146.4,146.75,2
146.25,1854223,146.35,146.76,2
147.17,1233141,147.37,147.68,2
147.27,1270629,147.33,147.5262,2
147.41,2532635,147.29,147.62,1
146.93,1802173,146.31,147.059,1
146.27,1977447,145.89,146.2901,1
145.78,1508519,144.17,145.91,1
144.92,1523987,145.19,145.53,2
145.09,2004117,144.82,145.51,1
144.27,5379520,145.22,145.34,2
145.22,2535037,146.6,146.6399,2
146.39,2084643,146.23,146.74,1
146.63,2126167,145.3,146.67,1
145.39,2340032,145.77,146.09,2
145.07,1443850,144.79,145.16,1
144.84,1507875,145,145.24,2
145.1,2034368,145.07,145.42,1
145.45,1327676,145.13,145.5,1
145.13,1767126,144.02,145.33,1
144.47,1571319,144.77,144.84,2
144.7,1965410,144.53,144.98,1
144.61,1440593,144.18,144.66,1
143.43,2042472,143.62,144.0999,2
144.46,1434818,144.39,144.6135,1
144.09,2153106,143.46,144.11,1
142.79,1756480,141.66,143,1
141.6,2796242,141.13,141.6249,1
140.41,1325978,141.36,141.47,2
140.77,2819879,139.56,140.88,1
140.43,1849604,140.9,141.66,2
140.33,2490610,139.43,140.69,1
139.46,2958860,141.2,141.89,2
140.77,2085272,140.7,141.252,1
140.45,4347684,141.85,141.99,2
142.45,1226323,143,143.0836,2
142.85,1881270,143.83,143.85,2
143.84,1468383,143.95,144.19,2
143.51,1962026,142.75,143.62,1
143.99,1605719,143.3,144.06,1
144.15,3328398,143.85,144.33,1
144.29,1809680,144.4,144.57,2
143.88,1402047,144.54,144.6552,2
144.42,1581285,144.4,144.61,1
144.12,1664569,144,144.47,1
143.91,1084222,143.27,143.94,1
143.42,1663460,143.81,144,2
143.63,3011062,142.75,143.63,1
142.37,2952164,142.26,142.52,1
142.16,1592026,141.9,142.2598,1
141.5,1857761,140.93,141.65,1
140.04,1700898,140.88,140.95,2
141.01,1587053,139.97,141.305,1
139.21,2694391,139.8,140.16,2
140.6,1264031,140.6,140.905,0
140.87,1404441,140.93,141.06,2
141.1,1431672,140.09,141.1,1
140.73,1212989,141.56,141.66,2
141.25,1299959,141.06,141.5299,1
140.2,910248,140.36,140.51,2
140.51,1658539,140.38,141.04,1
140.47,1345959,139.85,140.76,1
139.79,2279744,139.95,140.11,2
140.64,1396894,140.94,141.3,2
140.57,1199163,140.41,140.87,1
140.29,1810308,139.51,140.54,1
139.08,1450592,138.2,139.27,1
137.78,1357148,137.59,138.01,1
137.73,1448017,137.65,138.31,1
137.13,2379057,134.97,137.56,1
135.38,2638017,135.19,135.8036,1
135.75,1661563,136.46,136.97,2
136.54,1762742,136.04,136.6,1
136.33,2276750,137.69,137.99,2
137.33,1133874,137.54,137.74,2
137.24,1284584,136.52,137.68,1
135.95,2273355,135.77,136.25,1
135.8,3053576,138.1,138.19,2
137.45,2034128,137.78,138.16,2
137.5,1669620,138.56,138.67,2
138.6,4003952,138.98,139.179,2
139.36,1554489,139.54,139.85,2
139.17,2218714,138.73,139.53,1
137.72,2889539,137.54,138.15,1
136.58,2192597,137.72,137.75,2
136.97,1858283,136.73,137.53,1
135.87,2063084,135.67,136.8283,1
136.5,2154433,136,136.9704,1
134.32,2239383,134.72,136.3,2
133.87,4942619,135.73,136.54,2
136.74,2681540,136.65,137.23,1
135.79,2928175,132.19,136.1,1
134.28,3737342,133.35,134.54,1
132.63,5703820,135.29,135.57,2
135.72,2350389,134.49,136.59,1
133.88,4740399,134.36,135.19,2
134.19,3309676,137.18,137.31,2
136.61,3859570,135.09,136.73,1
133.1,5695935,136.13,136.65,2
135.95,3125872,138.15,138.61,2
139.93,2106551,140.05,141.2352,2
140.05,1671966,140,140.42,1
139.84,3154007,141.16,141.4,2
141.66,2641396,141.58,142.1899,1
141.42,1927886,141.96,142.22,2
141.61,2103134,142.9,142.99,2
142.33,2080650,143.86,144.14,2
143.22,1998828,143.49,143.85,2
143.3,2325273,141.79,143.3,1
140.96,2306907,140.83,141.03,1
140.43,2569084,139.05,140.61,1
140.31,2786771,140.36,140.61,2
139.8,2916936,137.55,140.15,1
138.24,3021296,136.28,138.51,1
137.35,4846361,139.07,139.88,2
139,2290651,141.18,141.4,2
140.55,2305323,142.41,142.86,2
142.34,1765269,141.5,142.4101,1
140.86,1439876,139.45,140.86,1
138.71,2111956,139.19,140.09,2
138.62,2182053,139.45,140.96,2
139.27,2490000,139.56,140.4399,2
140.11,2813264,139.68,141.2289,1
140.05,2853029,139.33,140.05,1
138.36,3076665,135.62,138.55,1
136.45,2973103,135.34,136.7,1
136.02,4249416,135.35,136.85,1
134.23,9472938,133.9,135.21,1
132.41,7680786,137.53,137.8,2
137.35,6175152,137.83,139.56,2
137.96,10790310,133.26,138.2424,1
135.74,10351180,140.21,141.3999,2
141.3,5322949,143.51,143.68,2
144.37,2923947,143.98,145.02,1
144.43,4670296,144.94,145.24,2
144.38,4897942,144.74,145.15,2
145.9,2686164,146.58,146.82,2
146.86,1995824,145.82,146.87,1
145.34,4233919,145.84,145.84,2
145.28,3409354,145.85,146.11,2
145.42,2260791,145.1,145.5652,1
145.06,2849304,143.84,145.06,1
143.92,2119076,143.49,143.93,1
143.18,2706146,143.42,143.58,2
143.43,2755742,142.72,143.64,1
142.12,3972446,143.53,143.82,2
142.75,2661301,142.08,142.8469,1
141.92,2187001,141,141.92,1
140.73,2014843,140.57,140.85,1
140.95,2625466,140.92,141.309,1
140.69,2655517,140.31,140.77,1
140.37,2188628,140.02,140.44,1
139.55,2572264,139.42,139.81,1
139.02,3052284,138.39,139.1,1
138.22,3699676,137.75,138.225,1
137.25,2255697,138.08,138.1,2
137.76,2936469,137.79,137.81,2
137.46,2242570,137.58,137.719,2
137.41,2051587,137.34,137.52,1
137.52,1926229,137.64,137.86,2
137.57,2111110,137.62,137.93,2
137.93,2522320,138.5,138.55,2
137.94,3642090,138.72,138.72,2
138.5,2696260,138.26,138.68,1
137.55,2292959,136.95,137.83,1
136.33,1856136,137.22,137.235,2
136.97,1859132,137.03,137.4299,2
136.95,1516892,136.98,137.25,2
136.8,1934364,136.5,136.83,1
136.48,1502120,136.27,136.52,1
135.77,1537647,135.14,135.94,1
135.23,2835623,135.11,135.46,1
135.31,2582756,136.09,136.33,2
135.89,3119310,137.04,137.3847,2
136.07,3585573,136.28,136.5,2
136.34,2854174,135.88,136.92,1
135.3,2066419,135.46,135.79,2
135.3,2922231,134.25,135.3599,1
133.97,1754440,134.12,134.29,2
134.11,670545,134.08,134.13,1
133.8,1295574,133.94,134,2
133.9,1956901,133.44,133.94,1
132.98,1805755,132.82,133.05,1
132.64,4850402,132.64,132.91,0
132.89,1730668,132.11,133.1,1
131.69,1772323,131.79,132.08,2
132.37,3776621,132.22,132.42,1
132.61,1876078,132.11,132.75,1
132.54,2042414,132.24,132.63,1
132.52,4320288,132.38,132.74,1
133.06,1267632,132.73,133.12,1
132.84,2527684,133.16,133.33,2
133.07,2017871,132.77,133.165,1
132.82,2677437,132.54,132.885,1
132.47,5097177,132.34,132.53,1
132.44,2275546,132.83,133.0342,2
132.33,2378371,132.27,132.5,1
132.06,1689224,132.42,132.54,2
132.64,2672833,131.94,132.6743,1
131.57,5396704,131.72,132.01,2
131.4,2185749,131.91,131.95,2
132.09,1574473,132.16,132.23,2
131.86,1755907,132.63,132.68,2
132.42,1751117,132.07,132.45,1
131.71,1942636,131.25,131.71,1
131.68,1471106,131.8,131.83,2
131.51,1340788,131.5,131.5699,1
131.45,1789749,131.5,131.65,2
131.36,1543970,131.55,131.59,2
131.26,2170952,131.16,131.45,1
131.42,2012688,131.24,131.43,1
131.24,2915397,131.25,131.48,2
130.93,1012116,131.3,131.3558,2
131.19,1635034,131.06,131.2299,1
131.28,2387311,130.73,131.34,1
130.59,1495730,130.45,130.78,1
130.46,1825135,130.31,130.5,1
130.2,2678085,129.64,130.2,1
129.52,1720608,129.02,129.56,1
129.1,1484847,128.82,129.13,1
128.89,2373627,128.84,129.1,1
128.19,1851553,128.35,128.51,2
128.16,2185979,128.24,128.43,2
128.37,1601615,128.14,128.44,1
128.82,1730813,129.12,129.13,2
129.18,1729349,129.1,129.21,1
128.97,1241660,129.06,129.1,2
128.91,1792347,128.85,129.1,1
128.6,1531454,128.31,128.62,1
128.36,1493235,128.23,128.48,1
128.4,1692516,128.23,128.41,1
128.34,2264092,128.04,128.34,1
127.85,1346941,127.15,127.905,1
126.49,1206255,126.35,126.74,1
126.58,1218674,126.96,126.96,2
126.64,1449864,126.69,126.86,2
126.29,2318970,126.92,127.1,2
127.27,2122830,127.23,127.46,1
126.98,3384425,126.46,127.14,1
126.12,1730621,125.46,126.28,1
125.46,1312403,124.59,125.62,1
125.41,1788074,125.66,125.66,2
125.36,1158220,125.42,125.85,2
125.06,1381941,125.5,125.63,2
125.26,1268846,125.07,125.51,1
125.64,2089628,124.73,125.75,1
124.39,1627296,124.22,124.4799,1
124.21,2836216,124.48,124.94,2
124.42,3440313,126.09,126.285,2
126.43,1379829,126.5,126.8,2
126.2,1523039,126.61,126.63,2
126.32,1467446,125.8,126.434,1
125.04,2039119,124.94,125.328,1
124.81,2454416,126.14,126.21,2
126.67,1679930,126.35,126.69,1
126.81,1359331,127.05,127.72,2
127.16,1114756,127.06,127.18,1
126.91,972373,127,127.07,2
126.64,2582488,126.9,126.91,2
126.93,2929463,127.14,127.14,2
127.05,1790596,127.18,127.21,2
126.79,1496636,127.11,127.18,2
126.86,1468420,126.78,126.96,1
127.07,1708109,127.58,127.58,2
127.29,1624394,127.55,127.599,2
127.38,1709366,127.51,127.57,2
126.96,4894679,126.91,127.06,1
126.95,1819508,126.81,126.99,1
127.12,1462519,127.28,127.28,2
127.04,1276388,126.51,127.05,1
126.31,2009837,126.11,126.33,1
126.23,1798432,126.28,126.45,2
126.23,1410947,125.77,126.495,1
125.67,1513965,125.56,125.76,1
125.47,1993153,125.2,125.63,1
124.58,1560180,124.53,124.73,1
124.61,1404760,124.5,124.8299,1
124.52,1710065,123.96,124.62,1
123.66,1981844,124.44,124.55,2
124.89,2167281,124.98,125.02,2
124.75,1645734,124.99,125.3,2
124.45,1910023,124.76,124.9,2
124.28,2354612,125.46,125.48,2
125.28,2444525,124.77,125.41,1
124.11,2386071,125.09,125.23,2
125.14,2605863,125.45,125.69,2
125.05,1829284,124.81,125.19,1
124.74,1639315,124.78,125.08,2
124.69,3363753,125.11,125.2,2
125.41,1359324,126.16,126.17,2
126.27,1816505,125.67,126.35,1
125.25,2018166,125.42,125.53,2
125.33,2483525,124.77,125.345,1
125.61,2584109,126,126.02,2
125.79,1567671,125.52,125.84,1
125.17,1973526,125.06,125.2,1
125.19,2585549,125.48,126.02,2
125.29,1826677,125.12,125.53,1
125.07,1253344,125.12,125.24,2
124.93,2981165,124.96,125.29,2
125.25,1494087,125.42,125.5,2
125.41,2839344,125.09,125.58,1
125,1926665,124.17,125,1
123.85,2043851,124.01,124.09,2
123.89,1347610,123.87,124.058,1
124.09,1320846,124,124.15,1
124.11,1491778,123.9,124.268,1
123.59,1552413,123.44,123.655,1
123.23,1795034,123.25,123.3899,2
123.02,1809625,122.67,123.0951,1
122.37,2143273,121.91,122.77,1
121.5,2883453,120.94,122.02,1
121.14,3702630,122.31,122.56,2
123.36,2126374,123.63,123.65,2
123.43,3097149,123.07,123.59,1
122.77,1235294,122.91,122.91,2
123.01,1499617,123.02,123.13,2
123.37,1468633,123.09,123.38,1
123.1,1845515,123.36,123.4261,2
123.14,2150873,123.36,123.45,2
123.33,2057662,122.95,123.33,1
122.72,1564459,122.83,122.83,2
122.63,3690976,122.59,122.78,1
122.93,1755917,123.09,123.25,2
122.93,1983120,122.93,123.1942,0
122.61,1795827,123.16,123.21,2
123.02,1867979,123.12,123.21,2
122.9,3080062,122.9,123.45,0
122.87,2145041,122.56,123.09,1
122.11,2178736,122.17,122.2755,2
120.83,2006530,121.21,121.21,2
121.22,1783425,120.59,121.4299,1
120.23,1807013,120.72,120.92,2
120.33,1865431,120.2,120.565,1
120.59,3198893,119.88,120.61,1
119.55,2850692,120.15,120.56,2
120.37,1967193,120.88,120.99,2
120.99,2895446,120.87,121,1
121.03,1669447,121.04,121.51,2
120.88,1997236,120.84,121.29,1
120.97,2056066,120.69,121.26,1
120.59,3905730,121.49,122.0199,2
121.08,2462641,120.89,121.105,1
121.02,3100553,121.45,121.5,2
121.32,1815860,121.42,121.7155,2
121.53,2076791,121.14,121.62,1
121.08,3196243,120.88,121.23,1
120.86,2698282,119.96,121.14,1
120.02,2926414,119.18,120.19,1
120.16,2305438,120.42,120.74,2
120.69,2256112,120.66,121.39,1
120.73,2896531,120.48,120.91,1
120.57,3352093,122.69,122.72,2
122.2717,3239871,122.51,122.62,2
122.57,1973879,122.84,122.8848,2
122.64,2050100,122.96,123,2
122.79,1892208,121.98,123.04,1
121.69,2269367,121.87,121.87,2
122.13,2002832,122.06,122.16,1
122.04,2987470,122.19,122.25,2
121.6,3851237,121.6,121.8899,0
121.54,2374575,121.99,122.18,2
121.88,1612624,122.21,122.29,2
122.27,1716274,122.48,122.48,2
122.75,1651576,122.63,122.8,1
122.65,2421496,123.42,123.42,2
123.44,2874554,122.81,123.727,1
121.8,2230944,122.18,122.18,2
122.25,2624938,121.92,122.3554,1
121.98,2962938,121.38,121.99,1
121.78,2024884,122.21,122.23,2
121.87,1973457,121.82,122.03,1
122.03,2422853,121.55,122.13,1
121.31,1948464,120.66,121.31,1
121.13,2034801,121.25,121.37,2
121.24,1998197,120.57,121.35,1
120.58,2051170,120.1,120.63,1
120.14,1985516,119.92,120.33,1
119.54,1837815,119.29,119.7,1
119.04,1635315,118.42,119.2063,1
118.26,1835984,117.92,118.32,1
118.13,3366041,118.43,118.53,2
118.14,1598823,118.26,118.41,2
118.42,1837427,117.99,118.5199,1
117.53,1745298,117.21,117.72,1
117.45,2614339,117.86,118.0401,2
117.46,3308037,117,117.46,1
117.36,3006114,117.73,117.8,2
118.16,1479537,118.45,118.48,2
118.35,2178313,118.56,118.62,2
118.52,2427843,118.02,118.56,1
117.51,2165873,116.82,117.74,1
116.6,1938942,116.75,116.97,2
116.91,2636088,116.84,117.23,1
116.51,1857276,117.03,117.14,2
116.97,1901749,116.8,117,1
116.7,2583687,116.86,117.06,2
117.22,2031776,116.99,117.4,1
116.93,2342398,117.04,117.04,2
117.24,2751734,116.91,117.24,1
116.87,2055270,116.76,117.36,1
116.78,2461641,117.1,117.1357,2
117.23,2317598,117.02,117.515,1
116.86,2604032,116.95,117.0886,2
117.09,3228683,116.47,117.19,1
116.2,2731521,116.15,116.55,1
115.32,2909885,116,116,2
115.75,1622731,115.74,116.0299,1
115.74,2591060,116.88,116.93,2
116.71,3386851,116.57,116.9899,1
116.42,2325647,116.23,116.42,1
116.24,3105773,116.42,116.51,2
116.54,2248674,116.87,116.92,2
116.87,2942507,116.88,116.93,2
117.1,2405746,116.96,117.32,1
116.77,1991624,117.27,117.3799,2
116.95,3342572,116.56,117.53,1
116.47,3885386,117.48,117.73,2
117.53,4394078,117.3,117.79,1
116.85,4224609,117.12,117.35,2
117.15,2310199,116.77,117.15,1
116.52,2679608,116.18,116.849,1
116.1,3999813,114.63,116.19,1
114.68,2355537,114.34,114.705,1
114.1,3843047,113.9,114.37,1
113.31,1755683,113.34,113.67,2
113.31,2601208,114.03,114.03,2
113.78,4406315,114.47,114.55,2
114.05,1544241,113.9,114.35,1
113.89,1849844,114.32,114.41,2
114.55,889818,114.35,114.55,1
114.11,1818703,113.72,114.12,1
113.95,2673632,113.88,114.0399,1
113.62,2493391,113.12,113.63,1
112.77,2298222,113.05,113.12,2
112.98,1874881,112.53,113.0354,1
112.41,7113854,112.37,112.5301,1
112.57,6036734,112.04,112.6,1
111.7,5234031,111.78,112.05,2
111.41,4005082,111,111.51,1
111.37,5082488,111.59,112.13,2
110.98,6481988,108.77,111.3299,1
109.62,2073533,109.01,109.99,1
109.15,2527542,108.41,109.17,1
106.79,2805434,106.89,107.51,2
106.86,2096478,107.42,107.63,2
107.33,2957352,107.87,108.08,2
108.08,3169631,109.1,109.1899,2
108.89,1913599,109.05,109.205,2
108.82,2867139,109.11,109.56,2
109.18,1598105,110,110,2
109.55,1827446,109.47,109.965,1
109.88,2079081,110.25,110.33,2
110.35,2004855,110.39,110.6,2
109.8,1234425,109.41,109.895,1
109.84,2016977,109.9,110.17,2
110.05,1408192,109.94,110.25,1
109.7,1635171,109.92,110.025,2
109.06,2507710,109.38,109.54,2
109.37,2673995,110,110.32,2
109.4,1985828,109.01,109.7191,1
109.79,1849460,109.78,110.13,1
109.66,1996923,110.94,110.95,2
111.14,1134953,111.1,111.44,1
110.54,1770623,111.15,111.23,2
110.96,1067724,110.75,111.09,1
110.92,2119012,110.78,111.22,1
110.49,2701097,111.12,111.22,2
110.99,2207290,111.09,111.23,2
111.33,1722522,110.97,111.71,1
110.46,2037242,111.48,111.6165,2
111.55,1439932,111.06,111.6,1
110.9,1292436,110.23,110.95,1
110.27,2136727,110.64,110.87,2
111.15,1532049,111.59,111.68,2
111.79,1525236,111.63,111.9238,1
110.98,1971782,110.11,111.075,1
109.72,1603438,110.29,110.33,2
109.77,3430163,110.19,110.5,2
109.61,2779419,109.75,109.77,2
110.05,2960400,108.86,110.25,1
108.93,2041601,109.05,109.71,2
108.92,5122120,109.95,110.01,2
111.19,3043615,109.19,111.4,1
109.655,3336687,111.72,111.725,2
112.46,1152485,112.57,112.67,2
112.75,1589960,112.54,112.75,1
112.6,4111468,112.46,112.62,1
112.28,1563214,112.19,112.51,1
111.71,1670925,111.77,111.89,2
111.65,1393720,111.88,111.9,2
111.97,1534618,112.16,112.3,2
112.15,1069551,111.72,112.3336,1
111.54,1851082,111.87,112.548,2
111.77,1205186,111.7,112.07,1
111.84,2267769,112.43,112.46,2
112.47,3252630,112.48,112.78,2
112.17,1101994,112.04,112.25,1
112.14,1000647,112,112.227,1
112.3,972066,111.92,112.3,1
111.95,2791630,111.84,112.03,1
111.81,1228602,112.23,112.24,2
112.45,1442833,112.29,112.644,1
112.04,1542918,111.97,112.17,1
112.15,1378235,111.98,112.2599,1
111.59,1259054,111.94,112.046,2
111.92,1032517,111.94,112.18,2
111.82,1238769,111.99,112.12,2
111.89,1379391,111.42,111.92,1
110.97,1113556,110.85,111.18,1
110.84,1353615,110.39,110.86,1
110.43,2473889,111.19,111.23,2
111.27,2093441,111.4,111.67,2
111.42,1638362,111.09,111.615,1
111.16,1945813,110.89,111.375,1
111.02,1977540,111.41,111.4242,2
111.15,1432344,111.06,111.3399,1
111.03,1394254,111.24,111.27,2
111.32,3546728,110.9,111.36,1
110.79,3393449,111.18,111.29,2
111.23,1135536,110.68,111.33,1
110.64,3154201,110.62,110.7465,1
110.86,1359999,110.65,110.93,1
110.55,1384744,110.89,110.97,2
110.67,1561054,110.72,110.99,2
110.14,1485741,110.43,110.5,2
110.2,3222809,109.88,110.3973,1
109.29,3868184,109.19,109.62,1
108.84,2361512,107.91,108.99,1
107.17,1669822,107.37,107.7699,2
107.22,1767173,106.2,107.2599,1
106.57,3019862,106.94,107,2
107.37,2938114,107.1,107.75,1
107.16,5552283,106.01,107.2,1
105.71,2635469,104.68,105.8299,1
103.85,7569452,103.08,103.86,1
101.98,5217029,103.22,103.23,2
104.04,7370123,104.12,105.9424,2
107.98,1617859,107.42,107.9999,1
106.51,2002259,106.8,107.28,2
106.75,2248553,106.8,106.99,2
106.52,2403220,106.93,107.39,2
105.8,1713104,106.12,106.12,2
106.15,1884486,105.3,106.18,1
105.84,1841566,106.19,106.6,2
105.95,2170401,105.9,106.3261,1
106.61,2378127,107.15,107.68,2
107.5,1666944,107.78,107.92,2
108.62,1743495,108.45,108.73,1
108.84,1286665,108.61,108.9299,1
108.46,1271484,108.39,108.81,1
108.25,1782262,107.84,108.46,1
107.69,2502295,107.78,107.87,2
107.99,2112796,107.4,107.99,1
107.63,2679647,107,107.7,1
107.34,2570803,107.57,107.6901,2
107.39,1691427,106.97,107.39,1
106.91,1803643,107.02,107.14,2
106.93,3267043,106.51,107.14,1
106.16,2409275,105.22,106.37,1
104.76,1662163,104.92,105.122,2
104.89,2005469,104.54,105.14,1
104.09,2616325,104.08,104.36,1
104.5,2797744,104.26,105.2,1
104.51,2792158,105.26,105.46,2
105.46,2069576,104.58,105.75,1
104.42,3754783,105.08,105.48,2
105.33,2469974,105.82,105.88,2
105.37,1531611,106.09,106.2932,2
106.34,2400865,105.5,106.4,1
105.09,1747328,104.87,105.34,1
104.98,1757797,104.14,104.99,1
104.6,1616677,104.95,105.17,2
104.64,2579103,104.76,105.17,2
105.26,5172504,105.62,105.68,2
106.33,2546483,105.8,106.4,1
105.51,3067993,105.8,105.96,2
106.13,4834180,106.63,107.3,2
107.09,2268144,106.66,107.33,1
106.83,1746967,106.78,107.048,1
106.54,2088217,106.5,106.59,1
106.8,1893723,106.51,106.93,1
106.65,1675161,107.26,107.326,2
107.18,1958933,107.21,107.635,2
107.07,2103737,107.02,107.31,1
106.77,1764955,105.74,106.79,1
106.06,1622514,106.12,106.186,2
106.11,1666887,106.24,106.3925,2
106.15,2864470,105.5,106.17,1
104.92,2358024,104.1,105.1001,1
103.91,2275842,104.65,105.0535,2
104.2,2337151,104.57,104.9001,2
103.9,2134785,104.5,104.74,2
105.16,2571913,104.09,105.2,1
104.02,2572408,104.31,104.55,2
105.04,1847375,105.49,105.5481,2
105.48,2994750,104.3,105.57,1
104.82,2230072,104.97,105.22,2
104.94,2258019,105.04,105.39,2
104.54,2925052,103.19,104.55,1
103.39,2103399,103.58,103.71,2
103.32,2173069,102.76,103.33,1
103.35,6082337,104.04,104.04,2
104.2,1962647,103.75,104.52,1
104.23,2539316,103.98,104.36,1
104.13,2942590,103.95,104.28,1
103.67,3472397,102.87,103.92,1
102.88,3473577,101.99,103.09,1
102.24,2992775,102,102.26,1
103.07,2987138,102.88,103.32,1
103.19,3253498,102.37,103.24,1
101.47,3702567,101.8,102.3,2
101.5,2132002,101.5,101.7,0
101.01,3435687,101.73,101.8,2
102.28,2964056,101.65,102.5563,1
102.07,2442357,101.89,102.6,1
101.72,2703609,101.13,101.75,1
101.22,3591720,100.52,101.24,1
100.66,2955735,99.13,100.675,1
98.32,2749373,99.12,99.6901,2
99.11,3194356,99.67,99.76,2
99.19,4960895,98.27,99.19,1
98.03,3253220,96.58,98.14,1
97.53,3203916,98.38,98.52,2
98.72,2235380,98.24,98.8,1
97.3,2243696,96.85,97.36,1
97.28,2432103,97.9,97.92,2
97.67,3634955,96.77,97.93,1
96.08,3576177,95.62,96.09,1
94.36,2947964,93.47,94.38,1
92.56,7239222,92.39,93.0623,1
93.72,3572814,94.19,95.27,2
93.66,4793968,92.84,94.47,1
93.78,6303798,94.2,94.38,2
95.26,3993449,96.94,96.9999,2
97.26,3431851,96.79,97.92,1
97.03,5457594,97.09,97.2889,2
96.45,3277520,97.5,97.55,2
98.35,3868985,97.75,98.81,1
98.33,5004793,96.45,98.36,1
95.95,4540658,96.56,96.66,2
95.57,5202433,96.4,97.32,2
96.67,3333211,95.6,96.82,1
95.22,4470403,96.64,96.65,2
96.81,3701444,96.33,96.89,1
94.79,7166951,94.7,95.9641,1
94.42,13845330,94,95.27,1
95.36,7432640,96.57,96.67,2
95.46,8095485,95.05,95.8757,1
97.51,5085095,96.36,98.18,1
96.04,6161156,99,99.2,2
98.58,4456467,98.8,99.169,2
97.91,6863378,98.55,98.6699,2
97.97,7015458,99.61,99.99,2
99.1,9255914,99.9,100.8,2
101.59,3732754,101.53,102.23,1
102.97,3652340,102.9,103.18,1
102.74,6138050,102.58,102.95,1
104.3,3652672,104.93,105.3158,2
105.32,2406099,105.96,106,2
106.12,2508185,105.69,106.24,1
105,3479559,104.88,105,1
105.23,1460512,105.22,105.6,1
105.36,3342450,104.63,105.4,1
104.06,2876518,103.65,104.2599,1
103.13,3240650,103.19,103.28,2
102.9,4207066,104.17,104.36,2
104.68,4939733,106.44,106.47,2
106.24,5972217,105.46,106.4182,1
104.72,2918048,104.44,105.19,1
103.61,7236847,103.36,103.72,1
103.24,5100723,104.17,104.43,2
105.31,3684992,105.18,106.06,1
105,4180200,105.55,106.75,2
105.91,3149595,105.94,106.4,2
106.55,3000773,107.23,107.27,2
107.39,4520885,105.81,107.54,1
105.45,3345637,107.29,107.48,2
107.05,2937734,108.1,108.265,2
108.18,2444586,107.59,108.21,1
107.17,3617076,107.78,107.85,2
107.63,552449,107.59,107.76,1
107.47,1820310,107.51,107.66,2
107.39,2032854,106.57,107.59,1
107.11,3145011,107.23,107.59,2
107.22,1563642,107.23,107.6,2
106.76,1623479,106.91,107.08,2
106.9,2106094,105.58,107,1
105.22,2243162,105.51,106.09,2
105.35,2635433,103.8,105.36,1
103.84,3003163,104.76,104.88,2
104.95,3109903,105.97,106.16,2
106.54,1340498,107.27,107.27,2
107,1605411,106.46,107.04,1
106.76,2620785,107.9,107.9,2
107.84,2078927,107.57,107.85,1
107.82,2143898,108.04,108.23,2
107.94,2893604,108.51,108.53,2
108.2,3100357,107.71,108.57,1
107.93,3396238,106.78,108,1
106.53,2203163,107.14,107.28,2
106.94,2666889,106.72,107.18,1
107.1,2421690,105.94,107.12,1
105.71,1685997,105.83,105.94,2
106.06,3078292,106.26,106.3,2
106.31,2404344,106.13,106.47,1
105.21,1979172,104.28,105.43,1
103.69,1777795,104.71,104.8645,2
104.51,1806066,104.39,104.91,1
104.63,1457904,104.3,104.67,1
104.51,1901266,104.37,104.54,1
104.11,2216480,102.92,104.12,1
102.56,1902908,103.05,103.44,2
103.09,2220030,103.29,104.17,2
103.85,1680112,103.85,103.95,0
103.83,1649477,103.8,104.06,1
103.69,2521034,102.53,103.8788,1
102.8,2583264,102.44,102.88,1
101.88,2463143,102.21,102.46,2
102.21,3405816,101.1,102.36,1
100.36,3654195,97.96,100.37,1
98.92,3808754,98.96,99.1178,2
98.72,3747787,98.11,98.79,1
96.92,4547471,97.23,97.84,2
96.94,5606313,99.06,99.13,2
99.61,4937826,100.76,100.87,2
100.32,3723369,100.02,100.5329,1
100.68,1788923,101.04,101.2785,2
100.88,3034019,101,101.2436,2
102.25,2680261,102.42,103.02,2
101.84,3271773,102.05,102.89,2
103.48,4723920,103.64,105.0202,2
103.62,2447394,102.87,103.73,1
102.75,2385603,101.81,102.9699,1
101.47,3711098,101.91,101.91,2
101.86,2007873,101.04,101.88,1
101.4,3695957,100.88,102.07,1
100.88,3690293,103.24,103.4,2
102.28,3341905,101.59,102.32,1
99.76,4317820,99.92,100.405,2
101.2,5151309,101.58,102.44,2
101.08,7678492,100.78,101.08,1
99.21,9264306,99.95,100.83,2
102.21,4526203,102.53,103.01,2
102.98,5165601,102.59,103.32,1
102.9,8779297,101.97,103.05,1
100.47,8298869,99.99,100.58,1
96.95,9213368,101.41,101.72,2
98.12,18133620,96.4,101.27,1
102.23,9875669,104.32,104.74,2
105.26,4377569,106.8,107,2
107.6,2183227,108.05,108.45,2
108.57,2694955,108.78,108.8949,2
108.85,1739109,107.89,108.86,1
108.16,1154508,107.7,108.23,1
107.75,3545402,107.91,108.235,2
107.9,2611345,107.01,108.03,1
107.79,1833091,108,108.2299,2
108.77,1981326,108.08,108.85,1
107.43,3295123,107.62,107.7,2
107.74,1969328,108.92,108.92,2
108.63,1253644,108.84,109.34,2
108.27,1599514,108.45,108.75,2
108.45,2653353,108.99,108.99,2
108.84,2422580,109.31,109.34,2
108.95,1390055,108.57,109.04,1
108.86,1623988,108.18,108.98,1
108.12,2198632,107.16,108.2252,1
106.85,2957428,107.06,107.46,2
107.56,2073438,108.75,108.83,2
108.7,1569545,109.47,109.53,2
109.33,1852086,109.1,109.5,1
109.49,1660943,109.88,110.04,2
109.97,1338693,110.05,110.21,2
109.96,1294812,109.99,110,2
109.93,1314002,109.85,109.95,1
109.17,2555451,109.37,109.56,2
109.31,2292470,108.8,109.5,1
108.82,2835280,108.58,108.885,1
107.6,3432285,107.58,107.84,1
106.31,3064623,107.15,107.69,2
106.09,2938806,107.1,107.28,2
107.89,3329559,107.44,108,1
107.3,2570835,106.99,107.79,1
107.58,3139960,108.05,108.199,2
107.72,12016260,108.02,108.11,2
107.02,3394044,107.62,107.6499,2
106.73,3642516,108.03,108.5,2
109.01,1503910,109.29,109.39,2
109.54,2110771,110.2,110.24,2
109.88,4931195,110.56,110.71,2
110.72,3080410,110.73,110.85,2
110.61,1864791,110.68,110.9,2
109.94,1735909,110.39,110.42,2
110.42,2496128,109.58,110.76,1
109.34,1911599,109.33,109.69,1
109.16,2604836,108.45,109.25,1
108.56,2865500,108.28,108.76,1
109.06,1490940,109.28,109.5,2
109.78,1850526,109.71,110.01,1
109.47,1592640,108.7,109.66,1
108.15,2975321,108.25,108.48,2
108.24,2990676,108.88,108.96,2
108.91,3342744,108.91,109.2,0
109,1845802,109.5,109.8,2
109.88,1731329,109.78,110.22,1
109.5,1925339,109.25,109.93,1
109.58,2354716,109.8,109.96,2
109.31,1943247,109.99,110.02,2
110.05,2022404,109.97,110.08,1
110.15,2562163,109.45,110.28,1
109.15,2226674,110.02,110.02,2
110.3,1187833,110.38,110.5549,2
110.51,1476431,110.18,110.66,1
110.23,2478324,110.34,110.68,2
110.3,2844996,110.38,110.56,2
110.35,2769075,109.81,110.5,1
109.94,1862709,109.88,109.99,1
109.81,1579229,109.33,109.85,1
108.73,2424476,108.97,109.3,2
108.67,1657497,108.48,109.005,1
108.99,1656946,109.33,109.59,2
109.45,1796447,109.11,109.59,1
108.09,2363484,107.6,108.365,1
107.68,3691644,108.38,108.54,2
107.98,1692723,109.17,109.36,2
109.28,1712992,109.24,109.66,1
108.9,3924560,108.4,108.98,1
107.91,3635816,108.78,108.9205,2
109.09,2432005,109.01,109.46,1
109.57,2594976,109.54,109.6543,1
109.28,1827746,110.19,110.28,2
109.85,1775114,109.92,110,2
109.73,2340746,109.14,110.08,1
109.39,1469298,109.08,109.5,1
108.93,3909936,109.45,109.52,2
108.96,2005044,108.67,109.18,1
108.08,2656981,108.7,108.8,2
109.35,1490112,109.23,109.6301,1
109.4,1512264,109.24,109.69,1
108.85,1460817,108.66,108.978,1
108.69,3524844,109.04,109.425,2
109.12,2406034,108.87,109.149,1
108.61,2214145,108.2,108.71,1
108.23,2454253,108,108.43,1
107.77,1983803,108.13,108.54,2
108.13,2186632,107.27,108.41,1
107.39,2041213,107.03,107.7,1
107.05,11026330,107.34,107.41,2
107.25,2076296,107.73,108.67,2
108.23,1885608,107.59,108.39,1
106.87,3297509,106.6,106.9701,1
106.58,3164547,106.39,107.12,1
106.79,2816899,108.64,108.75,2
108.99,2198636,109.54,109.74,2
109.57,2084186,109.72,110.0853,2
109.76,1740658,109.49,110.02,1
108.85,2801034,109.03,109.1999,2
109.24,3662816,107.68,109.63,1
108,1754034,107.8,108.185,1
108.21,2706570,107.36,108.23,1
106.87,2073001,107.37,107.3999,2
107.47,3907553,106.47,107.505,1
106.14,3071330,106.43,106.4938,2
106.22,3543753,107,107.1,2
107.86,1816383,107.6,108.05,1
107.46,2798958,108.47,108.66,2
108.97,1752503,109.03,109.1,2
108.8,1949922,108.9,108.96,2
109.24,2615721,109.47,109.61,2
109.69,2681108,109.11,109.72,1
109.02,1825415,109.35,109.48,2
109.41,1741959,109.45,109.53,2
109.48,2652083,109.49,109.78,2
109.52,2856494,109.28,109.63,1
109.27,3033734,109.17,109.27,1
109.28,2402616,108.47,109.3201,1
108.67,2348979,108.39,108.88,1
108.7,2542592,108.42,108.749,1
108.64,4146990,108.37,108.76,1
108.47,3147665,108,108.48,1
107.96,4443139,107.47,107.99,1
106.93,2184558,106.67,107.19,1
106.88,1866282,106.5,107.035,1
105.8,1773849,105.99,106.35,2
106.33,2844451,106.88,107.175,2
106.65,3163473,105.94,106.72,1
105.49,3141740,105.44,106.14,1
105.86,3321977,104.9,105.87,1
104.26,4082805,103.49,104.33,1
103.1,4485467,103.67,104.51,2
104.52,2607177,103.7,104.6199,1
103.53,2826672,105.64,105.72,2
104.95,2709241,105.37,105.61,2
106.19,4106519,105.75,106.22,1
105.75,4571853,106.11,106.28,2
106.23,3582862,105.24,106.31,1
104.64,3119394,103.93,104.95,1
104.17,3186369,104.42,104.53,2
104.0199,2768909,102.61,104.11,1
102.66,5614581,104.05,104.26,2
103.71,3291594,103.04,103.79,1
104.28,2936211,105.33,106,2
104.52,3705861,105.55,105.55,2
105.27,3272406,106.32,106.35,2
106.15,2795995,105.21,106.24,1
104.31,3661449,104.09,104.45,1
103.08,4226047,104.4,104.5,2
104.1,5383515,105.35,105.55,2
105.92,5298337,106.49,106.72,2
106,2224372,107.19,107.39,2
107.06,4472640,107.42,107.46,2
107.59,3746482,107.36,107.705,1
107.36,3293476,107.31,107.63,1
107.04,1702637,107.35,107.35,2
107.01,4050508,107.24,107.24,2
106.77,5629624,106.66,106.78,1
106.91,3575627,106.61,107.25,1
106.47,5084217,105.56,106.47,1
104.01,4948821,102.25,104.21,1
101.83,7527385,102.03,104.01,2
102.59,4328145,103.75,104.18,2
103.34,3956467,104.22,104.7499,2
104.99,3340104,104.93,105.991,1
104.51,3507254,105.97,106.19,2
106.25,3044080,105.04,106.33,1
106.19,2070003,106.77,107.07,2
106.95,3314663,106.86,107.169,1
106.71,2417646,106.7,107.01,1
106.84,3299494,106.44,106.99,1
106.36,2450866,105.8,106.49,1
105.7,2754667,106.5,106.55,2
106.6,944071,106.95,107.01,2
106.98,1178321,106.77,107,1
106.74,2310741,106.92,107.069,2
106.76,3990822,106.65,106.77,1
106.37,3435550,106.85,106.94,2
105.81,1502527,105.07,105.834,1
105.51,1771103,105.65,105.72,2
105.78,1485999,105.24,105.97,1
105.16,1449630,105,105.3,1
105.17,2173866,105.23,105.325,2
105.16,1671120,105.32,105.56,2
105.18,1089767,104.81,105.3,1
105.2,1178039,105.17,105.24,1
105.1,2923269,104.88,105.1,1
104.78,1746276,104.71,104.8799,1
104.7,2096219,104.32,104.7,1
104.19,2580373,104.5,104.51,2
103.7,2584189,103.9,103.961,2
104.08,3672515,104.19,104.4599,2
104.02,3276261,104,104.2,1
102.8,2593381,101.88,103.07,1
102.17,2621164,102.46,102.68,2
102.32,2847530,101.44,102.33,1
101.01,2585921,100.85,101.105,1
101.15,2899616,100.58,101.18,1
100.45,4211561,100.27,101.0799,1
99.25,3905820,100.3,100.48,2
100.03,4004168,98.61,100.12,1
98.09,2487485,97.02,98.13,1
97.12,3855056,97.44,97.799,2
96.07,6326825,93.78,96.72,1
95.86,8265427,95.19,96.21,1
96.4,3913937,96.59,97.5,2
96.1,5351450,97.71,98.0099,2
97.66,3784866,98.85,99.34,2
98.89,3021854,100.75,100.92,2
100.97,3455736,99.35,101.0699,1
99.32,2151821,100.39,100.57,2
100.88,1758831,101.57,101.6144,2
101.08,2303772,100.7,101.27,1
99.96,3237194,99.86,100.31,1
99.91,3989787,101.11,101.34,2
101.24,2140433,101.86,102,2
101.72,2827796,101.02,101.84,1
101.9,2227437,101.29,102.1,1
101.08,3000908,102.43,102.52,2
102.69,2364260,101.98,102.75,1
102.3566,1965294,102.75,103.0967,2
103.02,2333099,103.75,103.8,2
103.98,1932966,104.59,104.59,2
104.18,1829160,104.02,104.23,1
103.65,2085218,103.7,104.16,2
103.54,1242455,102.55,103.69,1
102.81,3846239,103.1,103.24,2
103.08,2477228,103.69,103.69,2
103.75,1617304,103.15,103.76,1
103.56,1290855,103.23,103.6,1
103.17,1296103,103.77,103.84,2
103.9,1416202,103.97,104.16,2
104.11,1490403,103.59,104.12,1
103.63,1591152,104.01,104.389,2
103.85,1523948,104.39,104.44,2
103.96,1738160,104.04,104.269,2
103.88,1736981,103.75,103.93,1
103.57,1429343,103.28,103.65,1
103.68,1154488,103.81,103.87,2
103.74,1464848,103.65,103.9595,1
103.55,1216719,103.6,103.75,2
103.01,1746399,103.12,103.26,2
103.16,1591271,103,103.3066,1
102.93,2929799,102.5,103.03,1
102.69,1896845,102.41,102.76,1
102.18,2718599,101.86,102.22,1
101.27,3760319,101.62,101.74,2
101.26,1850375,100.93,101.26,1
100.82,1208176,100.52,100.8999,1
100.11,1375270,100.17,100.49,2
100.29,1979483,100.32,100.7435,2
99.93,1566747,98.96,99.97,1
98.79,3313507,99.82,99.88,2
99.31,1763235,98.82,99.7799,1
99.29,2856370,99.7,100.13,2
100.17,3320066,99.74,100.3752,1
99.49,5157075,99.55,100.14,2
99.74,2938488,101.12,101.28,2
101.81,1552917,102.12,102.26,2
101.74,1090872,102.29,102.48,2
102.11,1189382,102.18,102.2757,2
102.14,1139701,102.37,102.42,2
102.68,925987,102.84,102.92,2
102.66,736525,102.58,102.78,1
102.42,1198160,102.29,102.6301,1
101.9,1434685,101.83,102.38,1
102.14,996222,101.34,102.24,1
101.05,1980424,101.88,102.28,2
102.23,1933103,102.36,102.4799,2
101.97,2591150,102.3,102.499,2
102.23,1060299,102.3,102.4143,2
101.74,1252751,101.63,101.79,1
101.65,1564137,101.03,101.95,1
102.1,1866593,101.91,102.16,1
101.66,2130067,102.34,102.34,2
102.44,2198413,102.8,102.81,2
102.98,987059,102.74,103,1
102.44,1504285,102.53,102.63,2
102.5,1818541,102.07,102.82,1
101.77,1600811,101.55,101.91,1
101.73,1378823,101.22,101.75,1
101.46,1423897,101.53,101.53,2
101.52,1379221,100.82,101.6,1
101.009,1613367,101.54,102.0699,2
102.14,1308572,102.19,102.25,2
102.17,1952843,102.2,102.2,2
101.93,2130674,101.9,102,1
101.81,1326213,101.08,101.84,1
101.06,1089731,100.56,101.1957,1
100.7,2778042,100.45,100.89,1
100.62,2099287,100.45,100.69,1
100.29,2197024,100.88,100.93,2
101.01,2068825,101.06,101.1175,2
101.35,1569764,101.21,101.35,1
101.37,1683365,101.2,101.67,1
101.2,1929346,100.99,101.25,1
100.68,1797410,100.02,100.76,1
99.87,1754136,99.38,99.97,1
99.66,941969,99.45,99.72,1
99.7,2762567,99.8,99.84,2
99.58,1444469,99.44,99.68,1
99.56,1319659,99.26,99.56,1
99.03,1383043,99.16,99.26,2
99.14,1458804,98.83,99.16,1
98.49,1171891,98.1,98.51,1
97.98,962381,97.69,98.19,1
97.65,1286446,97.23,97.72,1
96.9,1858833,97.52,97.62,2
97.63,1209663,96.94,97.68,1
97.18,1149816,96.92,97.19,1
96.77,2149169,97.36,97.4302,2
97.67,1387462,98.14,98.19,2
98.21,1526629,98.4,98.57,2
98.27,1846751,97.61,98.3,1
97.17,1636885,96.93,97.17,1
96.93,1863461,97.09,97.8,2
97.19,1644124,97.03,97.21,1
96.74,1335358,97.4,97.49,2
97.64,1300867,97,97.7,1
97.48,1687944,97.59,98.03,2
97.56,1776279,97.41,97.84,1
97.53,1423873,97.17,97.5568,1
97.17,3062478,97,97.3,1
96.69,2046023,96.9,97.22,2
96.55,1927679,97.19,97.25,2
97.5,1471378,97.84,97.8993,2
97.37,1798378,97.62,97.68,2
97.62,2442358,97.26,97.905,1
97.12,3042964,96.78,97.12,1
96.73,2241079,96.42,96.97,1
96.54,4498548,96.21,96.55,1
95.54,3339352,95.13,95.6,1
94.89,3248564,95.02,95.2,2
94.25,3380149,94.66,95.31,2
95.19,3283008,97.3,97.35,2
97.33,1975302,96.5,97.33,1
96.18,3728171,95.76,96.38,1
95.76,5302538,96.6,96.8099,2
96.92,3026799,98.84,98.85,2
98.27,2169733,98.72,98.74,2
98.54,2855341,98.46,98.66,1
98.23,3881721,97.89,98.27,1
97.47,2978396,97.1,97.58,1
96.52,1533230,96.37,97.09,1
96.09,2635139,96.09,96.5,0
96.29,2895955,97.52,97.65,2
97.1,1740903,97.2,97.58,2
97.18,3922560,98.11,98.2,2
97.75,2821676,98.57,98.6932,2
98.11,1466920,97.39,98.1899,1
97.62,2705225,98.21,98.28,2
98.18,3673343,97.65,98.28,1
97.35,2735794,97.09,97.658,1
96.58,2892350,96.51,97.07,1
96.7,3479677,98.18,98.266,2
97.83,2225616,97.36,97.86,1
97.76,3718521,98.5,98.63,2
98.31,2586580,98.32,98.396,2
98.38,2312070,98.84,98.85,2
98.41,2084499,98.54,98.65,2
98.23,1855310,98.26,98.38,2
98.21,3105345,97.93,98.35,1
96.69,2743391,96.57,96.88,1
97.4,2302777,97.17,97.86,1
97.22,1593974,96.63,97.22,1
96.71,1934625,96.83,97.1,2
96.61,2427339,96.77,97.01,2
96.65,2357609,96.38,97.27,1
96.1,1952033,96.39,96.53,2
96.18,2657593,95.65,96.33,1
95.54,2320600,95.97,96.5,2
96.18,3006391,96.06,96.27,1
95.9,2244504,95.4,96.05,1
95.44,2726441,94.145,95.5193,1
94.86,3128653,94.91,95.21,2
94.73,4287867,93.99,94.95,1
93.66,3419786,93.62,93.74,1
93.55,3541428,92.94,93.61,1
92.36,3237312,91.49,92.37,1
91.25,3407334,91.02,91.44,1
91.39,3427235,91.2,91.63,1
90.7,6568077,92.84,93.047,2
92.88,4099576,92.44,93.55,1
93.49,2540836,93.23,93.7799,1
92.41,4720196,92.67,93.08,2
93.37,10136030,92.89,93.47,1
92.72,6664633,93.32,93.6,2
93.32,7276719,94.77,94.89,2
95.38,3223541,95.77,95.85,2
96.21,1860283,96.27,96.299,2
96.03,5557207,96.36,96.36,2
95.71,2716318,96,96.13,2
96.08,3058195,96.05,96.1199,1
96.15,2525070,95.94,96.29,1
95.67,2660499,94.93,95.7284,1
94.63,4322221,95.75,95.88,2
95.84,2903689,95.78,95.87,1
95.57,3440502,95.83,95.83,2
95.49,3783101,95.44,95.62,1
95.42,2617173,95.19,95.585,1
94.81,3169428,95.5,95.56,2
95.06,3206257,95.29,95.44,2
95.08,3728195,95.76,95.76,2
95.92,4570261,95.72,96,1
95.57,3159940,95.6,95.6599,2
95.54,2370445,95.73,95.92,2
95.6,2940533,95.4,95.64,1
95.15,1362122,94.99,95.21,1
94.89,3094955,94.84,94.95,1
94.33,6210232,93.86,94.53,1
94.2,6352584,94.13,94.24,1
94.33,4089708,93.03,94.34,1
92.83,3374177,93.24,93.24,2
93.11,3207498,92.94,93.34,1
92.46,3605683,92.69,92.72,2
92.43,3587024,92.56,92.759,2
92.6,3887945,93.88,93.88,2
93.76,2403230,93.93,94.15,2
94.07,2121088,94.25,94.2799,2
93.86,2071554,93.8,93.97,1
92.9,2185366,93.14,93.26,2
93.17,2300829,92.97,93.62,1
93.3,2129126,93.4,93.5899,2
93.66,3209499,94.06,94.18,2
93.86,934611,94.07,94.34,2
93.99,1480838,93.93,94.04,1
93.72,1355109,93.63,94.01,1
93.63,1719504,93.96,93.969,2
93.73,2687293,93.39,93.7499,1
93.27,2720658,92.77,93.33,1
92.44,1931365,92.89,93.18,2
92.73,1828706,92.98,93.22,2
93,3123311,93.72,93.72,2
93.44,1623907,93.03,93.44,1
93.03,1971113,92.74,93.09,1
92.59,1837787,91.38,92.6,1
91.81,2067931,91.76,91.95,1
91.95,1729480,91.79,92.07,1
91.89,2637769,90.75,91.89,1
90.68,2876240,92.19,92.19,2
91.9,2654946,92.08,92.24,2
91.66,2301321,91.7,91.86,2
91.925,3443708,91.81,91.97,1
91.51,2477587,91.44,91.79,1
91.385,2937881,91.59,91.948,2
91.66,2641225,92.35,92.4,2
92.2,1454409,91.95,92.2,1
91.74,1711880,91.65,91.85,1
91.67,2038060,91.57,91.67,1
91.34,1713387,91.25,91.39,1
90.99,2779453,91.17,91.2185,2
91.42,3757625,91.22,91.73,1
90.9,2461638,91,91.14,2
90.95,2996594,90.71,90.98,1
90.31,4777319,89.35,90.3462,1
89.65,2427701,88.99,89.67,1
88.41,2603064,88.89,89.15,2
89.09,1851366,88.12,89.1339,1
88.7,3132734,87.98,88.7254,1
88.08,4036892,87.08,88.12,1
86.14,3786690,86.38,86.5099,2
86.2,3431779,87.25,87.4313,2
87.36,1598512,87.45,87.86,2
88.15,2509787,87.57,88.24,1
87.51,8263253,88.04,88.157,2
88.26,2014438,87.91,88.31,1
88.41,3075670,87.74,88.48,1
87.65,2522110,87.38,87.88,1
88.06,1938846,87.99,88.148,1
88.41,1209964,88.22,88.658,1
88.07,1345342,88.34,88.5,2
88.23,1613250,88.24,88.76,2
88.37,2586467,88.51,88.6799,2
89.2,1673322,89.89,90,2
89.8,2644450,90.07,90.232,2
89.94,2702732,88.92,90.12,1
88.9,1656788,88.54,88.9,1
88.43,2525666,88.93,89,2
87.92,1793260,87.87,88,1
87.74,1124595,88.03,88.12,2
88.01,1573240,87.7,88.02,1
87.78,3454854,87.66,87.78,1
87.1,1811126,86.43,87.1261,1
86.13,1807564,86.4,86.64,2
86.06,1511229,86.01,86.272,1
85.96,2610809,85.27,86.08,1
85.2,1807173,85.77,85.9174,2
84.77,2437688,85.44,85.45,2
85.27,1291291,84.88,85.68,1
85.04,1444073,84.72,85.34,1
84.73,2187911,85.37,85.6543,2
86.26,1980613,86.59,86.86,2
86.48,1268711,86.41,86.56,1
86.12,2065058,85.55,86.28,1
85.36,3102555,85.63,86.09,2
85.86,2047454,85.43,86.14,1
85.3,2112167,85.65,86.06,2
85.88,4926404,86.08,86.344,2
86.16,2729740,86.82,86.82,2
87.46,1369533,87.9,88,2
87.92,1298176,87.92,88.04,0
87.73,1102109,87.39,87.83,1
87.79,2519723,87.9,88.17,2
88.01,2251221,88.09,88.18,2
87.65,1542688,87.66,87.7832,2
88,1587747,88.51,88.54,2
88.58,1167319,88.51,88.6884,1
88.57,2224435,88.43,88.62,1
88.53,2421686,88.1,88.6,1
87.42,2211363,87.43,88,2
87.33,1379364,87.54,87.619,2
87.24,1681843,87.42,87.57,2
87.54,1845100,87.23,87.57,1
87.53,1781783,87,87.57,1
87.21,2991510,87.95,87.9899,2
87.56,1915037,87.93,88,2
87.72,2120978,87.69,87.82,1
87.53,1604279,87.2,87.53,1
87.4,2100027,87.09,87.588,1
86.91,1718620,87.01,87.13,2
86.63,1637833,87.07,87.1,2
87.02,2340161,86.91,87.11,1
86.69,2141330,86.54,86.83,1
86.61,3560220,86.43,86.64,1
85.37,4399483,85.295,85.63,1
85.33,2229821,85.23,85.46,1
84.73,1972639,84.71,84.96,1
84.28,2433712,84.02,84.3,1
83.39,1004787,82.99,83.5934,1
83.27,1958485,83.33,83.89,2
83.36,2096668,83.29,83.94,1
82.67,3023144,82.93,83.31,2
83.1,2211598,83.02,83.4,1
82.49,2496901,82.4,82.69,1
81.73,2624995,81.66,81.99,1
80.92,5378185,81.11,81.605,2
82.36,4227663,82.63,82.7799,2
82.15,4933132,83.47,83.47,2
84.24,4447942,85.19,85.47,2
85.33,2095060,84.79,85.52,1
84.69,2416897,84.67,85.0599,1
84.1,1653451,84.49,84.81,2
84.58,4100020,83.22,84.72,1
83.29,2568502,84.58,84.63,2
84,2102144,84.1,84.72,2
84.86,3643580,85.15,85.16,2
84.83,2391430,84.346,84.9,1
83.79,2633716,82.99,83.8,1
83.01,2944710,83.99,84.11,2
84.2,2311817,84.72,84.99,2
84.61,3620021,84.45,84.66,1
84.27,2004896,85.18,85.648,2
85.41,1629962,85.16,85.77,1
85.06,2420793,85.2,85.32,2
85.64,2120234,86.03,86.418,2
85.09,1151538,84.66,85.1,1
85.2,2748329,84.49,85.37,1
85.36,3377933,86.28,87.09,2
86.21,1483135,86.14,86.48,1
86.07,1680805,86.01,86.389,1
86.08,1540183,85.57,86.09,1
85.21,2005933,85.53,85.76,2
85.56,2743535,85.06,85.795,1
85.19,1440016,84.4,85.249,1
84.32,1285270,84.19,84.44,1
84.3,1333185,84.04,84.3,1
83.93,1495164,84.19,84.35,2
84.21,1734875,83.72,84.21,1
83.82,1967330,83.58,83.83,1
83.36,1879055,83.15,83.46,1
83.04,2382815,82.99,83.38,1
82.27,1616163,81.61,82.32,1
81.42,2159025,82.11,82.17,2
82.26,1740706,82.02,82.3,1
82.01,2118406,81.71,82.19,1
81.49,1150153,81.53,81.68,2
81.64,1120899,81.54,82.04,1
81.31,1039735,81.2,81.5,1
81.19,1957530,80.72,81.24,1
80.32,1237158,80.13,80.5,1
79.98,965448,79.49,80.01,1
79.22,1505732,79.85,79.909,2
79.72,2688365,80.39,80.42,2
80.93,1945486,80.36,80.98,1
79.75,3054326,81.45,81.45,2
81.74,1413431,81.76,81.92,2
82.03,1263183,81.73,82.28,1
81.72,2209439,80.88,81.8,1
80.68,1178268,80.6,80.99,1
80.45,1927447,80,80.47,1
79.96,1533466,79.26,80.01,1
80.24,1317801,80.01,80.33,1
79.89,2266022,80.82,80.88,2
80.77,2480868,80.86,81.0359,2
80.53,3097554,80.95,81.06,2
80.96,1897616,80.67,81.02,1
80.68,2494137,80.16,80.71,1
80.62,1322317,80.34,80.63,1
80.02,2905635,80.55,80.7,2
80.29,1648018,80.03,80.32,1
80.16,1418486,80.34,80.61,2
80.81,1475817,80.65,80.93,1
80.21,1522477,80.6,80.72,2
80.43,1983377,80.14,80.7699,1
80.87,1850611,80.9,80.9703,2
80.96,1328113,80.72,80.99,1
80.51,1021895,80.37,80.61,1
80.36,1505660,80.47,80.57,2
80.5,1610002,80.19,80.53,1
80.27,1984118,80.23,80.355,1
79.88,1563792,79.8,79.95,1
79.69,2044933,79.84,79.89,2
79.57,1854982,79.15,79.72,1
78.78,1417935,78.24,78.78,1
78.42,1884737,77.96,78.4954,1
78.24,1564386,78.31,78.81,2
78.31,1442467,77.27,78.53,1
77.36,2505679,77.19,77.44,1
76.87,1979344,78.68,78.78,2
78.31,1833141,77.92,78.31,1
77.56,2639268,77.89,77.89,2
78.09,2507458,79.11,79.13,2
79.14,1762924,78.71,79.16,1
78.59,1248363,78.75,78.83,2
78.68,1287478,78.35,78.75,1
78.58,1346478,78.68,78.79,2
78.47,1568551,78.34,78.601,1
78.34,2112681,78.36,78.39,2
78.38,4398967,78.03,78.38,1
77.91,2260093,78.05,78.1335,2
78.05,1739346,77.68,78.06,1
77.91,1609226,77.62,78.109,1
77.18,2457418,77.64,77.72,2
78,2549820,77.78,78.11,1
77.25,2611291,77.33,77.5,2
77.39,2074184,77.69,77.8299,2
77.7,2279301,77.34,77.769,1
77.44,1634073,77.6,77.61,2
77.51,2997058,77.38,77.53,1
77.08,5386731,76.92,77.44,1
76.99,2294763,76.93,77.08,1
76.9,3583497,76.5,76.9,1
76.5,2173708,76.32,76.54,1
76.29,1534789,76.11,76.5,1
75.77,1211204,75.68,75.91,1
75.83,1108921,75.4,75.89,1
75.69,2745051,75.75,75.8,2
75.77,1248485,75.76,75.8,1
75.76,1403184,75.62,75.77,1
75.24,1421860,75.19,75.41,1
75.01,1407877,75.11,75.18,2
75.21,2511151,75.18,75.28,1
75.43,2515007,75.14,75.5199,1
75.03,2634581,75.12,75.37,2
75.14,5037191,74.53,75.15,1
73.28,8359211,71.88,73.31,1
71.98,3618539,72.33,72.68,2
72.77,3277481,72.88,73.02,2
72.83,2478416,73.32,73.35,2
73.18,1430529,73.2,73.26,2
73.43,4402220,73.02,73.54,1
74.06,4600919,73.72,74.07,1
74.2,3682355,74.84,74.88,2
74.66,3438231,73.94,74.71,1
73.8,3289232,73.12,73.8,1
72.89,1810401,73.02,73.18,2
73.2,2235467,73.6,73.79,2
73.6199,2046113,73.94,74.138,2
73.59,2300242,73.44,73.92,1
73.13,1318315,72.99,73.27,1
73.04,1845687,73.11,73.19,2
72.83,1272913,72.54,72.86,1
72.6,1913698,72.58,72.91,1
72.46,1325585,72.58,72.78,2
72.56,1671147,73.27,73.29,2
72.88,1773762,72.91,73.02,2
72.9,3237058,72.82,73.05,1
72.48,1732997,71.65,72.51,1
71.91,1655426,72.17,72.44,2
72.29,1698442,72.06,72.29,1
72.38,787890,71.77,72.38,1
71.45,1144603,71.3,71.4769,1
71.27,2149697,71.1,71.34,1
71.19,2239286,70.57,71.2,1
69.75,1807155,69.47,69.91,1
69.37,2332065,69.5,69.7914,2
69.55,3587311,70.78,70.87,2
70.54,1496903,70.45,71.27,1
70.81,3436500,70.99,71.1,2
70.77,1974005,70.54,71.719,1
70.7,1926021,71.6,71.9162,2
71.61,4727214,72.62,72.63,2
73.25,1066057,72.9,73.5099,1
72.7,1368142,72.39,72.82,1
72.47,1467130,73.61,73.63,2
73.23,1519093,72.54,73.27,1
72.32,1373191,72.58,72.63,2
72.28,1154797,72.3,72.54,2
72.36,1092506,72.68,72.8,2
72.16,1250349,72.63,72.73,2
72.36,2301550,72.5,72.65,2
73.29,1394018,73.19,73.42,1
73.29,1466494,74.35,74.35,2
74.58,1156860,74.57,74.87,1
74.73,1265164,74.44,74.79,1
74.38,2616278,73.95,74.4099,1
73.62,948574,73.17,73.68,1
73.02,2111862,73.38,73.58,2
73.34,1405763,73.8,73.8787,2
73.23,1263960,73.65,73.71,2
73.66,4611511,74.36,74.41,2
74.41,1128633,74.38,74.53,1
74.7,1317303,75.05,75.25,2
74.72,1614428,74.41,74.7372,1
74.16,1118760,74.06,74.34,1
73.89,2135959,74.09,74.21,2
73.78,1863939,73.99,74.47,2
73.65,1397918,73.71,73.94,2
73.99,956883,73.57,74.13,1
73.26,1477969,73.67,73.68,2
73.75,1619147,74.69,74.79,2
74.51,1437043,74.33,74.6899,1
75.04,954526,75.4,75.41,2
75.02,2569342,74.75,75.0508,1
75.12,836068,75.12,75.33,0
75.06,2004132,75.04,75.16,1
75.19,1347811,75.37,75.43,2
75.5,5731092,75.22,75.91,1
75.1,2241550,73.97,75.32,1
73.99,1364779,73.99,74.039,0
73.68,1335000,73.56,73.95,1
73.52,962576,73.88,73.98,2
73.96,1408209,73.75,73.96,1
73.6,1738444,72.55,73.605,1
72.16,998137,72.23,72.42,2
72.16,1194825,72.14,72.39,1
72.21,1273528,72.23,72.4499,2
71.78,717924,72.05,72.05,2
72.32,1230664,72.36,72.51,2
72.23,883955,72.1,72.44,1
72.24,933323,72.42,72.52,2
72.25,969758,71.64,72.38,1
71.84,1682269,72.26,72.265,2
72.38,2093285,72.22,72.53,1
72.47,2609321,72.8,73.11,2
72.62,1145063,72.53,72.63,1
72.63,1140306,72.56,72.69,1
72.49,1422582,72.02,72.58,1
71.94,897302,71.69,72.03,1
71.78,1070209,72.08,72.12,2
71.8,1489402,71.73,71.8473,1
71.86,1391290,71.5,71.87,1
71.72,699196,71.53,71.88,1
71.66,945677,71.32,71.7494,1
71.57,1085900,71.46,71.88,1
71.14,1019563,71.13,71.415,1
70.96,1485980,70.59,71.129,1
69.55,1165467,69.56,70.03,2
70.03,1300580,70.67,70.6901,2
70.31,841016,70.63,70.82,2
70.7,1882648,70.71,71.05,2
70.77,1422042,69.82,70.94,1
69.4,1120931,69.37,69.569,1
68.36,1299381,68.51,68.68,2
68.35,1128441,69.04,69.06,2
68.97,1398035,68.66,69.17,1
69.74,1028535,70.02,70.0769,2
70.38,1023272,70.41,70.63,2
70.26,1975401,69.56,70.45,1
69.76,1976189,69.58,69.88,1
69.3,670778,69.33,69.5,2
69.47,2240008,68.54,69.54,1
68.4,1466560,68.25,68.6574,1
68.67,854308,68.76,68.95,2
68.72,1234784,69.7,69.8187,2
69.34,1117137,69.4,69.488,2
69.51,2092959,69.54,69.64,2
70.17,1128017,70.22,70.489,2
70.46,1297007,69.95,70.49,1
69.89,1567756,69.87,69.95,1
69.7,2008584,69.19,69.7,1
67.92,1266592,67.61,67.98,1
68.06,2700294,67.6,68.16,1
67.41,2155720,67.26,67.63,1
67.09,3125454,67.48,67.5,2
68.55,1218209,68.35,68.67,1
68,1732652,69.64,69.72,2
69.57,1765386,69.72,69.93,2
69.7,1461019,69.36,69.99,1
68.97,1790443,68.55,69.14,1
68.77,3736563,68.28,68.85,1
68.07,1638338,67.5,68.32,1
67.37,1517003,67.65,68.08,2
67.87,1324515,67.25,67.92,1
67.14,1439532,68.65,68.71,2
68.09,1076841,67.34,68.09,1
67.5,2965682,68.38,68.4,2
67.58,1571215,66.56,67.58,1
66.04,1918893,65.39,66.1501,1
65.54,3082973,65.64,65.88,2
65.6,2883349,66.24,66.47,2
67.33,1701079,67.51,67.828,2
67.5,962336,68,68.03,2
68.58,2231382,68.26,68.69,1
67.76,692803,67.93,68.08,2
67.92,1193521,67.99,68.073,2
67.79,1777040,67.23,67.8901,1
67.67,1907790,67.76,68.26,2
67.65,2172349,66.62,67.65,1
66.42,4340747,67.22,67.38,2
66.98,2499332,68.16,68.25,2
68.16,1893447,68.75,69.07,2
68.48,1184655,68.8,69.2,2
68.85,1631280,69.01,69.32,2
69.64,1075394,69.35,70.24,1
69.83,2927382,70.19,70.22,2
69.65,2191907,69.3,70.08,1
70.07,1908982,69.94,70.17,1
70.33,1105562,70.09,70.5583,1
70.28,1771604,71.08,71.13,2
71.47,1432539,72.13,72.15,2
72.1,1403468,71.87,72.16,1
72.26,2125631,71.8,72.7899,1
71.8,1108884,72,72.1,2
72.17,1160028,72.15,72.3492,1
72,1029228,71.38,72.0899,1
71.48,1536112,71.14,71.495,1
70.44,2764617,70.32,70.64,1
70.21,2151682,70.12,70.25,1
70.82,1219566,71.06,71.285,2
70.71,2368278,71.08,71.47,2
71.12,1873467,71.13,71.35,2
71.37,1287832,70.78,71.56,1
70.3,1438942,70.75,70.848,2
70.37,1567367,71.05,71.05,2
71.24,1428567,70.32,71.28,1
70.18,2120432,70.37,70.5,2
69.6,5395949,70.78,70.9609,2
70.93,1735620,70.8,71.205,1
71.77,1198522,71.62,71.97,1
71.82,2400925,72.08,72.09,2
72.63,1861201,72.79,72.94,2
72.87,2391021,72.26,73.06,1
72.26,1244325,72.47,72.48,2
72.07,1567290,71.8,72.17,1
72.2,2864269,72.5,72.66,2
72.56,2398079,72.85,72.9373,2
72.8,1584997,72.34,72.8,1
72.11,1260394,71.84,72.175,1
71.82,1823671,71.85,72.02,2
72.4,2033339,72.51,72.61,2
72.48,1547262,72.34,72.58,1
72.73,1963664,72.41,72.99,1
72.46,1178103,72.5,72.54,2
72.35,1713816,72.04,72.39,1
71.93,1893695,72.1,72.25,2
72.08,1520914,71.18,72.08,1
70.77,1431566,70.86,70.94,2
70.82,1462156,70.6,71.01,1
70.47,1697096,70.22,70.6,1
69.75,1410954,69.4,69.83,1
69.15,2393221,69.61,69.62,2
70.28,2700308,70.44,70.5,2
70.6,1609302,70.9,70.971,2
70.95,2414052,70.67,71.0893,1
70.41,2211394,70.98,71.19,2
70.87,1839296,70.74,70.95,1
70.67,1350442,70.14,70.89,1
70.61,1267387,70.65,70.78,2
70.51,1500778,70.08,70.53,1
70.12,1781753,70.21,70.41,2
70.34,1525822,70.58,70.68,2
70.37,2093283,70.48,70.52,2
70.27,1601427,69.45,70.32,1
69.44,2022313,70,70.1,2
69.74,1875497,69.7,69.78,1
69.84,1499542,69.82,69.91,1
69.31,1365168,69.23,69.38,1
69.86,1780802,69.88,69.96,2
69.75,2404483,69.66,69.85,1
69.6,1966361,69.3,69.71,1
69.44,2289554,69.24,69.47,1
69.48,2399632,69.19,69.5,1
68.46,19893750,68.49,68.63,2
68.34,1993168,68.13,68.62,1
67.56,2250458,68,68.04,2
67.59,1760211,67.22,67.6799,1
67.86,2056539,67.48,68,1
67.81,2632688,68.48,68.599,2
68.16,1737840,67.48,68.29,1
67.54,1550524,67.16,67.57,1
67.5487,3387425,67.53,67.91,1
67.53,1537518,67.36,67.53,1
67.51,4201142,67.37,67.57,1
67.1,2007213,66.33,67.1105,1
66.3,2181656,66.73,66.82,2
66.15,1294628,65.98,66.15,1
66.46,944932,66.48,66.51,2
66.3,1825096,65.96,66.34,1
66.18,1367989,66.2,66.39,2
65.53,1978853,65.53,65.62,0
65.38,1639902,65.56,65.6,2
65.53,1146220,64.94,65.6,1
65.24,1647393,65.15,65.35,1
65.21,2230352,65.41,65.72,2
64.3,1267522,64.47,64.65,2
64.59,1564957,64.04,64.62,1
63.96,2096214,64.78,64.82,2
64.75,3100792,64.64,64.94,1
64.74,3193948,64.42,64.74,1
64.25,1635542,63.86,64.26,1
63.59,1728212,63.46,63.71,1
63.83,2053123,62.91,63.92,1
61.89,2382857,62.91,63.01,2
62.62,1320387,62.85,63.29,2
62.41,5062369,62.91,62.92,2
62.18,1893530,62.6,62.85,2
62.9,1523564,63.97,64.3,2
63.58,1369644,63.95,64,2
64.57,2099221,63.7,64.7135,1
63.44,1964426,64.5,64.62,2
64.91,3885735,64.52,65.16,1
64.74,1241252,64.77,65.14,2
64.71,2031036,64.94,65.25,2
64.01,1746836,64.65,64.87,2
64.04,1561307,63.95,64.41,1
64.04,2363388,63.21,64.15,1
61.44,1229655,61.46,61.83,2
61.25,1887091,61.09,61.46,1
59.46,1010996,59.49,60.18,2
59.648,2141685,60.43,60.51,2
61.01,1586548,61.12,61.49,2
61.3,2008316,61.53,61.59,2
62.46,2139758,62.8,62.86,2
62.55,1795247,63.48,63.65,2
63.59,3341821,63.99,64.78,2
64.67,1076629,64.08,64.97,1
64.28,1189699,64.69,64.75,2
64.92,1234100,64.45,65.05,1
63.66,1363044,63.95,63.99,2
63.1,1885639,64.04,64.34,2
65.6,1909560,65.17,65.66,1
64.82,1454853,64.44,64.84,1
64.49,1625236,64.3,64.61,1
64.84,2056652,64.28,64.93,1
63.6,2117716,63.5,63.784,1
62.57,2836973,62.4,63.28,1
64.28,1729593,65.15,65.25,2
65.95,1285840,65.65,66.064,1
65.89,5325886,65.43,66.35,1
63.69,1772874,63.73,63.89,2
63.006,3056511,63.96,64,2
64.32,1737524,63.44,64.44,1
63.26,1808326,62.83,63.38,1
62.09,1828766,62.03,62.3,1
61.81,2145953,62.56,62.9,2
62.64,2640853,61.33,63.08,1
61.4,3651740,62.38,62.4,2
62.67,1654439,62.32,62.67,1
61.55,2148956,61.29,61.75,1
61.63,2856250,61.57,62.36,1
61.05,2688213,60.6,61.27,1
61,1636134,60,61,1
58.97,3013975,59.85,59.87,2
59.51,2284434,58.3,59.56,1
58.38,7841239,57.4,58.53,1
57.21,4979322,55.08,57.35,1
55.81,4171835,57.38,58.07,2
57.72,2520410,58.36,58.8869,2
59.18,2724127,59.81,60.02,2
58.75,2326585,60.27,60.57,2
60.12,3318557,60.54,61.18,2
59.37,2531978,58.63,59.45,1
58,4869056,57.29,58.34,1
57.97,7406842,58.14,58.73,2
59.81,4793972,61.8,62,2
61.82,3733545,62.26,62.86,2
62.04,2046143,61.64,62.3585,1
62.7,1550274,62.625,62.96,1
62.4,3961626,61.95,62.41,1
61.33,2517162,60.82,62.07,1
60.47,1683612,60.07,60.69,1
59.87,2692084,58.67,59.87,1
59.45,2609376,60.35,60.63,2
61.04,2727211,61.35,62.1,2
61.78,1325126,60.92,61.79,1
59.99,2405552,58.53,60.04,1
60.37,2225512,60.74,61.1,2
62.07,3652182,62.81,63.39,2
62.78,4318025,63,63.51,2
62.53,2464943,62.08,62.9399,1
62.36,1942383,61.27,62.38,1
60.47,2648922,59.17,60.71,1
59.48,3378052,60.87,61.16,2
60.49,3163183,59.55,60.56,1
59.64,3713935,57.91,59.67,1
57.66,2330501,58.96,58.98,2
57.65,4061686,57.82,59.36,2
58.7,5826042,59.78,59.84,2
61.44,2398546,61.8,62.25,2
61.43,3085229,61.44,62.02,2
62.02,2803449,61.22,62.0701,1
60.7,3018795,60.82,61.21,2
60.3,5850879,58.1,61.06,1
57.66,6007564,59.08,59.7184,2
60.22,9100243,58.3,60.25,1
57.35,11869320,59.87,60.59,2
61.62,7689612,62.66,62.82,2
61.88,7792303,64.26,64.28,2
65.15,5828384,64.84,65.21,1
64.79,3528420,66.12,66.48,2
66.55,5148403,67.66,67.76,2
66.85,5091765,66.57,67.43,1
67.22,2785115,67.43,68.08,2
67.45,2133986,68.56,68.59,2
68.97,1500203,69.22,69.3,2
69.26,3123818,69,69.63,1
69.71,1162629,69.6,69.77,1
69.59,2111219,69.08,69.78,1
68.75,1389969,68.98,69,2
68.79,1841285,68.03,68.84,1
67.65,4783117,67.97,68.04,2
68.28,4489680,68.17,68.31,1
67.85,2059585,68.59,68.89,2
68.43,1903624,68.52,69.12,2
68.17,2108892,68.24,68.835,2
68.47,1961217,68.88,69.14,2
69.76,1598015,69.5,69.78,1
70.26,1558817,70.15,70.42,1
69.51,1753511,69.21,69.596,1
69.37,2259240,69.35,69.53,1
69.38,2021223,68.43,69.47,1
68.4,1972750,67.98,68.49,1
67.79,2576767,67.45,67.87,1
67.2,1814080,66.57,67.2,1
66.28,1570056,65.75,66.53,1
65.72,1942126,66.5,66.52,2
66.76,2929491,66.06,66.77,1
66.87,1947035,67.08,67.46,2
67.24,1916606,66.57,67.34,1
66.23,3463192,65.72,66.38,1
65.92,5544359,66.36,66.38,2
65.71,3039980,65.62,66.08,1
65.6,3630537,66.25,66.48,2
66.79,1577061,66.51,67.02,1
65.88,2814591,66.01,66.25,2
65.89,1743251,66.58,66.6,2
66.84,1047848,66.56,67.14,1
66.37,1482478,66.61,66.8,2
66.72,1370921,67.04,67.29,2
66.75,1892489,67.36,67.5,2
67.53,2139750,67.43,68.05,1
68.23,1726440,68.37,68.54,2
68.36,1760565,69.77,69.81,2
69.95,1605972,69.88,69.95,1
69.2,937689,69.11,69.37,1
68.88,1121158,68.31,68.99,1
68.47,1159434,67.95,68.75,1
68.19,984684,68.47,68.6136,2
68.26,1383067,68.25,68.49,1
69.14,1273234,69.46,69.58,2
69.66,1347562,69.75,69.86,2
69.49,1430465,68.88,69.56,1
68.83,2059764,68.56,68.92,1
68.89,1654688,69.09,69.68,2
69.37,1907745,70.06,70.12,2
70.01,1858830,69.47,70.14,1
69.68,1841889,70.35,70.37,2
70.4,2494836,70.02,70.53,1
69.78,1165423,69.5,69.96,1
69.41,1711957,69.79,70.14,2
69.11,1513943,69.27,69.79,2
69.67,1717479,70.18,70.21,2
70.19,1150766,70.43,70.51,2
70.58,1506059,71.04,71.11,2
70.7,1713179,70.58,70.8,1
70.52,2222300,70.26,70.62,1
70.3099,2148850,70,70.4099,1
69.85,1363590,69.5,70,1
69.24,886823,69.31,69.36,2
69.31,986347,69.25,69.321,1
68.97,1325279,68.83,69.07,1
67.98,1048739,67.75,67.99,1
67.59,2325576,67.61,67.721,2
68.41,1377827,68.23,68.54,1
68.08,1434959,67.64,68.174,1
68.04,1521456,68.32,68.39,2
68,1699990,68.15,68.2801,2
68.58,1138396,68.92,69.0905,2
68.83,1389792,69.39,69.49,2
69.12,1507363,69.2,69.48,2
69.32,1396940,69.47,69.55,2
69.14,1317572,69.01,69.45,1
69.1,1091407,69.15,69.3,2
69.04,1707904,69.18,69.33,2
68.71,1298605,68.7,68.87,1
68.71,1276354,68.58,68.89,1
68.2,1354475,67.72,68.211,1
67.7,1740430,68.03,68.21,2
67.86,1956722,67.83,68.2,1
67.9,2420554,67.66,68,1
67.26,1668737,66.92,67.43,1
67.1,2036713,67.35,67.41,2
67.32,1679560,67,67.419,1
66.28,2605803,66.79,66.84,2
65.97,1712094,66.14,66.3,2
65.22,3846912,66.15,66.4,2
66.37,4797713,65.29,66.7424,1
67.08,1622168,67.07,67.3,1
67.49,2150111,66.71,67.72,1
67.04,2239847,67.65,67.65,2
68.35,1566391,68.36,68.56,2
68.45,1123680,67.96,68.67,1
67.84,1564276,68.7,68.81,2
68.46,2724704,68.94,68.9599,2
68.92,1299047,68.36,68.995,1
67.69,1591582,67.48,68.03,1
67.55,1429506,68.94,68.99,2
68.71,1607751,68.65,68.82,1
68.3375,1379017,67.82,68.35,1
67.49,4472056,67.35,67.76,1
67.48,3430376,67.98,68.14,2
68.05,3178336,68.78,69.132,2
69.54,1761535,69.5,69.63,1
69.41,2054343,68.96,69.5,1
69.16,1925849,68.96,69.24,1
68.71,1598390,68.72,68.834,2
68.93,1554085,68.76,68.98,1
68.75,1559793,68.09,68.82,1
68.3,1904370,67.88,68.37,1
68.225,2110889,68.23,68.4099,2
68.4,1621861,68.16,68.42,1
68.06,1359229,67.81,68.28,1
67.61,1343999,67.5,67.65,1
67.42,1807116,67.21,67.5,1
67.27,1688878,67.2,67.4699,1
67.35,2355216,66.72,67.48,1
66.26,1255165,65.92,66.38,1
65.83,2088024,67.11,67.18,2
67.03,1096818,66.86,67.13,1
66.83,1396077,66.59,66.97,1
66.45,1157468,66.23,66.45,1
66.41,2149105,66,66.49,1
66.04,1341909,66.3,66.4501,2
65.93,1857698,65.95,66.1,2
66.13,1566568,66.89,66.91,2
66.93,1288667,66.74,66.95,1
66.76,1292633,66.25,66.77,1
66.33,1468844,66.44,66.48,2
66.43,4015816,66.26,66.46,1
65.84,1090687,65.82,65.97,1
65.58,1829992,65.32,65.67,1
65.53,2943751,65.79,65.92,2
65.68,4318017,65.91,65.96,2
65.83,5170692,65.3,65.86,1
65.47,1474877,65.82,65.86,2
65.6,1465047,65.36,65.88,1
64.93,5170754,64.82,65,1
64.96,5767646,64.95,65.118,1
65.04,6472355,65.08,65.16,2
64.94,715286,65,65.03,2
64.88,2789858,64.65,64.929,1
64.84,1424019,64.9,64.9799,2
64.93,2097529,64.81,65.02,1
65.03,1370338,64.91,65.14,1
64.64,1738947,64.69,64.8,2
64.475,17309380,64.35,64.58,1
64.351,11039890,64.04,64.41,1
63.97,16901240,64.2,64.46,2
64.25,13621620,64.35,64.56,2
64.23,9472459,64.49,64.57,2
64.21,2079879,64.03,64.25,1
63.8,1478561,63.96,63.96,2
63.57,937368,63.52,63.68,1
63.39,2037193,63.94,64.02,2
63.32,1132194,63.26,63.46,1
63.34,1549703,62.92,63.4281,1
63.14,1661319,62.42,63.16,1
62.34,1611502,61.92,62.45,1
61.03,2400685,60.8,61.39,1
61.41,1372736,61.09,61.54,1
61.5,351874,61.42,61.73,1
61.92,924565,61.35,61.92,1
60.94,1481021,61.14,61.2,2
61.82,2431796,61.52,61.82,1
61.81,3205737,61.57,61.84,1
61.565,2304893,61.29,61.78,1
60.71,1101289,60.61,60.9199,1
60.61,2118798,61.23,61.31,2
61.59,804820,61.87,62.12,2
61.68,1219728,62,62.3,2
62.47,947849,62.13,62.5672,1
62.64,897123,62.32,62.65,1
62.37,1001795,63,63.1,2
62.86,1005675,62.75,62.91,1
62.94,1623821,62.74,63.03,1
62.66,1676516,62.19,62.68,1
61.46,1444723,61.35,61.4832,1
61.21,1003935,61.21,61.34,0
60.73,1083956,61.04,61.3401,2
60.72,1665693,60.59,60.8,1
60.64,1896893,60.95,61.02,2
60.64,2228868,60.37,60.68,1
60.76,905408,60.43,60.8592,1
60.77,1865849,60.93,61.3,2
60.57,792285,60.53,60.6,1
60.39,2393161,60.61,60.9,2
60.29,1665483,59.77,60.58,1
59.69,3053582,59.95,60.318,2
60.57,2811780,60.29,60.71,1
60.24,1934391,60.5,60.64,2
60.19,1615191,60.34,60.42,2
60.35,1611986,60.17,60.68,1
59.88,1503923,59.54,60.03,1
59.67,1040112,59.76,59.82,2
59.58,1145006,59.26,59.7428,1
59.181,1157381,59.48,59.5072,2
59.26,1312137,59.3,59.459,2
59.32,2023107,58.65,59.46,1
58.11,4304232,58.51,58.75,2
58.63,3235419,58.85,58.88,2
58.37,2636774,58.87,59.2,2
58.5,1842371,58.47,58.72,1
58.598,3132016,58.34,58.72,1
58.27,1903008,58.61,58.6599,2
58.52,2377665,57.98,58.55,1
57.6,3749725,57.61,58.24,2
58.1,4076233,58.27,58.64,2
58.41,2983390,58.57,58.86,2
58.55,1289378,57.85,58.65,1
57.6,1563672,57.89,57.9,2
57.57,1011429,57.42,57.6175,1
57.59,1513625,57.19,57.67,1
57.4,1262847,57.3,57.72,1
57.41,1167496,57.28,57.49,1
56.69,706720,56.57,56.78,1
56.45,1433252,56.78,56.9,2
56.17,1155219,55.95,56.4,1
55.88,1759390,56.28,56.31,2
56.49,1956838,56.32,56.58,1
55.75,1399735,55.29,55.78,1
55.17,2835461,54.25,55.25,1
53.6,1793959,53.34,53.9,1
53.585,1814799,54.28,54.42,2
54.38,1240125,53.83,54.42,1
53.46,1522372,54.08,54.23,2
53.79,2182310,53.22,54.03,1
53.62,1474031,53.84,54.03,2
54.4,841605,54.96,55.2161,2
54.69,1100684,54.66,54.74,1
54.88,1871518,55.52,55.7,2
55.86,1336702,55.64,56.14,1
55.73,2374888,55.46,56.12,1
54.95,1471111,54.55,55.16,1
55,1879145,54.97,55.33,1
55.21,2799988,54.71,55.385,1
55.52,1947146,56.22,56.26,2
57.21,2368960,56.99,57.49,1
57.57,1773614,57.57,57.655,0
57.27,3374421,56.91,57.32,1
57.48,1022821,57.24,57.51,1
57.6,1526870,57.36,57.62,1
57.15,1360022,57.35,57.45,2
57.46,1622956,57.16,57.55,1
56.25,1539968,55.66,56.49,1
56.19,1108092,56.88,56.97,2
56.48,1486416,56.79,56.96,2
56.88,2083199,57.37,57.38,2
56.95,2204719,56.46,57.0101,1
56.26,1483070,55.64,56.33,1
55.69,1637477,55.1,55.91,1
54.48,2826067,55.56,55.56,2
55.17,1010003,53.85,55.21,1
54.54,1190086,54.46,54.67,1
54.23,1585384,55.54,55.55,2
55.85,1448847,55.85,55.99,0
55.8,1623981,55.7,56.06,1
55.81,1582159,55.54,56.03,1
54.91,1570068,54.86,55.13,1
54.89,953973,54.53,54.93,1
54.47,1213941,54.42,54.57,1
53.94,2279027,52.37,53.9885,1
52.24,2451940,52.78,53.1416,2
52.08,3750758,52.55,52.69,2
52.33,4678387,52.5,52.725,2
52.56,2394112,53.03,53.5,2
53.14,3210208,54.08,54.15,2
54.865,1585207,55.1,55.33,2
55.05,2052937,54.93,55.288,1
54.77,1815844,55.44,55.48,2
55.92,1661107,56.19,56.38,2
56.14,1523522,57.17,57.41,2
57.12,1499462,58.08,58.13,2
57.34,4139052,57.42,57.55,2
57.3,2050597,57.38,57.45,2
57.2,2221810,57,57.5,1
57.26,2285405,56.35,57.3337,1
56,2438167,56.45,56.8299,2
55.99,2089527,55.17,56.02,1
55.65,2065881,54.93,55.69,1
53.99,3009281,54.6,55.179,2
54.24,3281482,53.87,54.36,1
53.78,1880114,54.78,54.9781,2
54.669,1940028,55.55,55.93,2
56.66,1943489,56.53,56.8,1
56.36,2962137,55.25,56.38,1
54.93,1899452,55.43,56.28,2
56.09,1534507,56.66,56.66,2
56.695,2101094,55.88,56.7,1
54.78,1742829,55.45,55.97,2
55.01,4895236,53.7,55.057,1
55.01,1564394,55.39,55.85,2
55.71,3682154,53.99,55.85,1
54.91,4710561,55.87,56.09,2
57.13,2300860,57.17,57.72,2
57.545,2967764,58.84,59.02,2
58.37,1838679,58.44,58.6874,2
58.33,1997300,58.97,59.06,2
59.4,1289657,60.03,60.3,2
60.12,1393919,59.41,60.1983,1
59.17,2164098,58.73,59.92,1
59.22,4080803,59.14,59.5,1
56.62,5416647,57.67,58.1,2
57.708,6150800,59.46,59.82,2
59.72,2728185,59.62,60.27,1
60.21,2657926,61.02,61.02,2
61.71,1057869,61.15,61.82,1
60.89,1892446,61.99,62.05,2
61.95,1347026,61.59,62.07,1
61.15,1876381,61.07,61.33,1
60.75,2555279,61.95,62.2,2
62.25,1701658,62.55,62.65,2
62.47,1384227,62.02,62.49,1
62.05,1260225,61.4,62.0985,1
61.75,1271037,61.85,61.98,2
61.8,1004858,61.6,61.83,1
61.22,1311730,60.88,61.27,1
61.06,2086873,61.81,61.91,2
62.03,1120447,61.9,62.15,1
61.95,1011139,61.44,61.95,1
61.2,1184068,61.12,61.29,1
61.14,1276904,61.14,61.27,0
61,1585457,60.76,61.05,1
60.59,1335810,60.19,60.7,1
60.446,1348299,60.69,60.79,2
60.77,1331935,60.46,60.87,1
60.6,1458297,60.26,60.609,1
60.02,1339564,60.01,60.2299,1
59.59,1345908,59.59,59.88,0
59.77,1927414,59.85,60,2
59.74,2434149,59.65,59.835,1
59.39,1206273,59.49,59.7805,2
59.4,2436920,59.93,60.17,2
59.74,1568990,59.9,60.0499,2
60.09,2298474,59.76,60.13,1
59.67,1643054,58.91,59.74,1
59.25,2010301,59.83,59.83,2
59.64,2714612,59.74,59.8,2
59.71,2022827,59.53,59.93,1
59.33,1047755,58.98,59.3901,1
58.85,1624806,58.81,58.9,1
58.87,1227534,59.14,59.15,2
58.87,2391616,58.44,58.88,1
58.65,1949569,58.41,58.78,1
58.34,4736853,58.05,58.61,1
58.22,2027497,58.22,58.35,0
58.21,2699097,57.74,58.2267,1
57.3,1636596,57.28,57.4,1
57.15,1616798,57.28,57.518,2
57.08,1988835,57.17,57.37,2
56.9,1580069,56.49,56.94,1
56.23,1272565,56.22,56.41,1
56.23,2956042,55.46,56.24,1
56.25,1689025,55.93,56.34,1
55.75,2144629,56.31,56.48,2
56.43,3049478,56.71,56.72,2
56.52,1862941,56.15,56.67,1
56.32,1537330,55.94,56.435,1
56,1935984,55.99,56.08,1
55.69,1186410,55.24,55.7687,1
54.77,2189026,54.22,54.81,1
54.77,1302282,54.07,54.8399,1
54.19,1340710,54.2,54.46,2
54.27,2191410,54.16,54.7,1
53.56,1494287,54.02,54.3,2
53.98,5416145,53.88,54.07,1
53.89,3029617,55.17,55.18,2
55.62,1352513,55.67,55.92,2
55.9,2565462,55.34,56.03,1
55.19,2132482,54.72,55.238,1
54.36,2421732,55.24,55.65,2
55.01,2235012,55.89,55.89,2
55.67,2077641,55.3,55.75,1
55.4,1702725,55.45,55.9899,2
55.65,2781032,55.88,55.965,2
55.41,4421270,56.4,56.6,2
56.66,4350660,57.72,57.91,2
57.72,2755045,57.9,57.9,2
58.26,2546626,57.55,58.29,1
57.5,2785824,58.1,58.15,2
58.16,1667014,58.02,58.275,1
58.06,1825157,57.71,58.18,1
57.52,1730026,57.75,57.82,2
58.12,1883013,58.3,58.35,2
58.04,1649919,57.7,58.0461,1
57.85,1656639,57.55,57.889,1
57.61,2120206,57.5,57.715,1
57.53,1597643,57.34,57.54,1
57.31,2251461,56.86,57.3799,1
56.37,1321939,57.02,57.05,2
56.93,1592254,56.78,57,1
56.95,1526921,57.25,57.25,2
57.05,1742306,57.22,57.22,2
56.98,607389,56.79,57,1
56.69,1297185,56.65,56.74,1
56.5,3581295,56.38,56.59,1
56.57,3189763,56.28,56.75,1
56.02,2113010,55.95,56.03,1
55.68,1845698,55.9,56.015,2
56.315,1906466,56.45,56.6,2
56.17,1641233,56.27,56.46,2
56.41,1283636,56.37,56.45,1
55.99,1291482,55.89,56.06,1
55.71,940564,55.75,55.97,2
55.43,1433457,55.23,55.51,1
55.25,1320551,55.43,55.575,2
55.83,1233204,55.88,56.15,2
55.9,2489711,56.3,56.5497,2
55.49,1349802,56.11,56.43,2
55.99,1293684,55.89,56.33,1
55.83,1958248,55.68,56.03,1
55.15,2746122,55,55.258,1
55.01,865038,54.41,55.4164,1
55.95,1407896,55.84,55.99,1
55.73,2452764,55.81,55.81,2
55.69,1753157,55.68,56.12,1
55.04,1109050,54.94,55.15,1
55.21,1898705,55.57,55.62,2
56.01,1530080,56.05,56.12,2
56.05,1666048,55.87,56.1,1
55.99,2485782,55.57,56.22,1
55.16,1788725,55,55.36,1
54.84,1767735,55.39,55.67,2
55.46,1967170,55.5,55.81,2
55.18,1837172,55.03,55.35,1
55.16,1830390,54.44,55.16,1
53.95,1946542,53.56,54.14,1
53.81,1979935,53.21,53.84,1
52.8,1880293,53.23,53.55,2
52.71,1622433,52.15,52.7823,1
52.47,2723237,52.47,53.03,0
52.18,3381047,53.45,53.63,2
53.63,2975477,52.95,53.77,1
52.57,2342298,53.51,53.7,2
53.74,2151593,54.11,55,2
54.03,2158028,54.72,55.284,2
54.65,1397476,55.55,55.55,2
55.36,1289767,54.76,55.49,1
54.77,2223867,55.15,55.8485,2
55.31,1289061,55.74,55.76,2
55.65,1088880,55.25,55.81,1
55.2,2158500,55.1,55.36,1
55.61,1113318,55.12,55.61,1
55.4172,1322187,55.11,55.478,1
54.45,830983,54.48,54.56,2
54.6,867973,54.63,54.8399,2
54.4,1532480,54.08,54.4,1
54.03,2355555,54,54.32,1
53.56,1255035,53.36,53.6482,1
53.44,1941232,53.14,53.76,1
52.66,1194181,52.12,52.819,1
51.86,1941907,51.6,52.18,1
52.1682,1451683,53.4,53.43,2
53.59,1484638,53.96,53.99,2
53.79,1754059,54.04,54.2654,2
53.88,1574815,53.09,54,1
52.89,1387768,53.19,53.33,2
53.2331,1768569,53.95,54.1099,2
54.05,1878341,54.8,55.07,2
54.61,1844235,54.64,54.779,2
54.29,1248018,54.03,54.43,1
54.44,1593910,54.58,54.65,2
54.36,2068571,54.48,54.9,2
54.46,2040775,53.79,54.51,1
53.62,1684257,53.4,53.7901,1
53.36,1207104,52.63,53.41,1
53.08,1291214,53.14,53.32,2
53.04,2221913,52.55,53.045,1
52.5,1760172,52.12,52.66,1
51.98,1412583,52.02,52.1,2
51.46,897393,50.88,51.55,1
50.81,917773,50.56,50.87,1
50.35,1459983,50.32,50.62,1
50.56,1996808,51.419,52.11,2
51.7,1153966,51.72,51.77,2
52.2,1098180,52.59,52.7124,2
52.24,2014634,52.02,52.35,1
52.06,2398650,51.98,52.3498,1
52.1,2144056,52.2,52.58,2
52,2001846,52.25,52.485,2
51.93,1644235,51.4,52.07,1
50.98,980100,50.53,51.09,1
50.5,1125473,49.67,50.6244,1
50.07,2236716,49.7,50.2,1
49.548,2036372,49.92,49.95,2
50.87,1975598,51.32,51.36,2
51.34,1651597,51.18,51.36,1
50.89,1646741,50.31,51.3172,1
50.34,1334907,50.84,50.85,2
51,1358650,50.93,51.1454,1
51.12,1463461,50.98,51.52,1
50.4118,1283294,51,51.03,2
50.76,1726511,50.95,50.9596,2
50.88,1448290,50.45,50.95,1
50.69,2769828,50.28,50.73,1
49.85,1122699,49.78,50.15,1
49.77,2054066,49.82,50.32,2
49.24,1074594,49.11,49.37,1
49.48,1510920,49.26,49.6,1
49.6,1619683,49.35,49.61,1
49.39,1639727,48.91,49.46,1
49.23,1972627,48.1,49.3995,1
48.09,2460776,47.74,48.3495,1
48.06,2463969,48.22,48.26,2
47.85,1956451,47.62,47.92,1
47.32,1761473,47.29,47.42,1
47.3,1762778,46.71,47.5,1
46.84,2041992,46.1,46.96,1
45.48,3939044,45.27,45.5,1
45.16,1964998,44.32,45.21,1
44.14,1503148,44.03,44.39,1
44.25,1255741,44.44,44.58,2
44.16,3177820,44.4,44.53,2
44.22,1486295,45.07,45.1,2
45.15,1876054,44.78,45.17,1
45.32,1812798,45.89,45.89,2
46.54,2159452,46.5,46.91,1
46.27,2871599,46.61,46.75,2
46.58,1671709,46.36,46.65,1
46.14,1181372,46.05,46.35,1
46.23,1841165,44.98,46.23,1
45.18,3069443,45.3,45.6509,2
45.05,2142002,45.14,45.28,2
45.05,2630167,46,46.02,2
46.39,1394762,46.72,46.8,2
46.22,2233406,46.08,46.49,1
45.97,1585890,46.01,46.36,2